,658,789,3893,2348,442,2152,3161,3817,3427,4345
716173,1.0,1.0,1.0,1.0,1.0,1.0,1.0,1.0,1.0,1.0
765938,1.0,1.0,1.0,1.0,1.0,1.0,1.0,1.0,0.0,1.0
2115299,1.0,0.0,1.0,1.0,1.0,1.0,1.0,1.0,1.0,1.0
268719,1.0,1.0,1.0,1.0,1.0,1.0,1.0,1.0,1.0,1.0
2634182,1.0,1.0,1.0,1.0,1.0,0.0,1.0,1.0,1.0,1.0
747810,1.0,0.0,1.0,1.0,0.0,0.0,1.0,0.0,0.0,1.0
704069,1.0,1.0,1.0,1.0,1.0,1.0,1.0,1.0,1.0,1.0
370904,1.0,1.0,1.0,1.0,1.0,0.0,1.0,1.0,1.0,1.0
1478933,1.0,1.0,1.0,1.0,1.0,1.0,1.0,0.0,0.0,1.0
1605122,1.0,0.0,0.0,1.0,0.0,1.0,0.0,1.0,1.0,1.0
2257122,0.0,1.0,1.0,1.0,1.0,1.0,1.0,1.0,1.0,1.0
787052,1.0,1.0,1.0,1.0,1.0,1.0,1.0,1.0,1.0,1.0
44734,1.0,0.0,1.0,1.0,1.0,1.0,1.0,1.0,1.0,1.0
2641559,1.0,1.0,1.0,1.0,1.0,1.0,1.0,1.0,0.0,1.0
905074,1.0,1.0,1.0,0.0,1.0,1.0,0.0,0.0,1.0,0.0
330526,1.0,1.0,1.0,0.0,1.0,1.0,1.0,0.0,1.0,1.0
923631,1.0,0.0,0.0,1.0,0.0,1.0,1.0,1.0,0.0,1.0
2041697,0.0,1.0,1.0,1.0,1.0,1.0,1.0,1.0,1.0,1.0
691808,1.0,0.0,0.0,1.0,1.0,1.0,1.0,1.0,1.0,1.0
809831,1.0,1.0,1.0,1.0,1.0,1.0,1.0,1.0,1.0,1.0
837133,1.0,1.0,1.0,1.0,1.0,1.0,1.0,0.0,1.0,1.0
2358990,1.0,1.0,1.0,0.0,1.0,1.0,1.0,1.0,1.0,1.0
486529,1.0,1.0,1.0,1.0,1.0,1.0,1.0,1.0,1.0,1.0
652618,0.0,1.0,0.0,1.0,1.0,1.0,1.0,0.0,1.0,1.0
708596,1.0,1.0,1.0,1.0,1.0,1.0,1.0,1.0,0.0,1.0
1702270,1.0,0.0,1.0,1.0,1.0,1.0,1.0,1.0,1.0,1.0
1821474,1.0,1.0,1.0,1.0,1.0,1.0,1.0,1.0,1.0,1.0
1950890,0.0,1.0,1.0,1.0,1.0,1.0,1.0,1.0,1.0,1.0
2417914,1.0,0.0,1.0,1.0,0.0,1.0,1.0,1.0,0.0,0.0
877394,1.0,1.0,1.0,1.0,1.0,1.0,1.0,1.0,1.0,1.0
1114801,1.0,0.0,1.0,0.0,0.0,1.0,1.0,1.0,1.0,1.0
953604,0.0,0.0,1.0,1.0,1.0,1.0,1.0,1.0,1.0,1.0
1811832,1.0,1.0,1.0,1.0,1.0,1.0,1.0,1.0,1.0,1.0
732590,1.0,1.0,1.0,1.0,1.0,1.0,1.0,1.0,0.0,1.0
139006,0.0,1.0,1.0,1.0,0.0,1.0,0.0,1.0,1.0,1.0
2056022,1.0,0.0,1.0,1.0,1.0,1.0,1.0,1.0,0.0,1.0
2229960,1.0,1.0,1.0,1.0,1.0,1.0,1.0,1.0,1.0,1.0
101408,1.0,1.0,1.0,1.0,1.0,1.0,1.0,1.0,1.0,1.0
64120,1.0,1.0,1.0,0.0,1.0,0.0,1.0,0.0,1.0,1.0
716831,1.0,1.0,1.0,1.0,1.0,1.0,1.0,1.0,1.0,1.0
1739082,1.0,1.0,1.0,1.0,0.0,1.0,0.0,1.0,1.0,1.0
498716,1.0,1.0,1.0,1.0,1.0,1.0,1.0,1.0,1.0,1.0
165720,1.0,1.0,1.0,1.0,1.0,1.0,1.0,1.0,1.0,1.0
964244,1.0,0.0,0.0,0.0,0.0,1.0,1.0,1.0,1.0,1.0
2526309,1.0,1.0,1.0,1.0,1.0,1.0,1.0,1.0,1.0,1.0
111736,1.0,1.0,1.0,0.0,1.0,1.0,1.0,1.0,1.0,0.0
2098138,1.0,1.0,1.0,1.0,1.0,1.0,1.0,1.0,1.0,1.0
968184,1.0,0.0,1.0,1.0,1.0,1.0,1.0,1.0,1.0,1.0
2576537,1.0,1.0,1.0,1.0,1.0,1.0,1.0,1.0,1.0,1.0
1937280,1.0,1.0,1.0,1.0,1.0,1.0,1.0,1.0,1.0,1.0
2315012,0.0,1.0,0.0,1.0,0.0,1.0,1.0,1.0,1.0,1.0
1129687,1.0,1.0,1.0,1.0,1.0,1.0,1.0,1.0,1.0,1.0
2248484,1.0,1.0,1.0,1.0,1.0,1.0,1.0,1.0,1.0,0.0
2256870,1.0,1.0,1.0,1.0,1.0,1.0,1.0,1.0,1.0,1.0
1461435,1.0,1.0,1.0,1.0,0.0,1.0,0.0,0.0,0.0,0.0
2222576,1.0,1.0,1.0,1.0,1.0,1.0,1.0,1.0,1.0,0.0
1577811,1.0,1.0,1.0,1.0,0.0,1.0,1.0,0.0,1.0,1.0
1827859,0.0,0.0,0.0,1.0,0.0,1.0,0.0,0.0,1.0,0.0
1125150,1.0,1.0,1.0,1.0,1.0,1.0,1.0,1.0,0.0,1.0
1198962,1.0,1.0,1.0,1.0,1.0,1.0,1.0,1.0,1.0,1.0
2170295,0.0,0.0,0.0,1.0,0.0,0.0,1.0,1.0,0.0,1.0
600251,1.0,1.0,1.0,1.0,1.0,1.0,1.0,1.0,1.0,1.0
1727232,1.0,1.0,1.0,0.0,1.0,1.0,1.0,1.0,0.0,1.0
618011,1.0,1.0,0.0,0.0,1.0,1.0,0.0,0.0,1.0,1.0
2179596,1.0,1.0,1.0,1.0,1.0,1.0,1.0,1.0,1.0,0.0
2171187,1.0,1.0,1.0,1.0,1.0,1.0,1.0,1.0,1.0,1.0
2636398,0.0,1.0,1.0,1.0,1.0,1.0,1.0,1.0,0.0,1.0
1998723,1.0,0.0,1.0,1.0,1.0,1.0,1.0,1.0,1.0,1.0
1158822,1.0,1.0,0.0,0.0,1.0,1.0,1.0,0.0,0.0,1.0
1654854,1.0,1.0,1.0,1.0,1.0,1.0,1.0,1.0,1.0,1.0
306569,1.0,0.0,0.0,1.0,1.0,1.0,1.0,1.0,0.0,1.0
1258191,1.0,1.0,1.0,1.0,0.0,1.0,1.0,1.0,1.0,1.0
1774181,1.0,0.0,0.0,1.0,1.0,1.0,0.0,1.0,0.0,0.0
1456270,1.0,1.0,0.0,0.0,1.0,0.0,1.0,0.0,1.0,0.0
196140,1.0,1.0,1.0,1.0,0.0,1.0,1.0,1.0,1.0,1.0
613651,1.0,0.0,0.0,1.0,1.0,1.0,1.0,1.0,1.0,1.0
1093671,1.0,1.0,1.0,1.0,1.0,0.0,1.0,1.0,1.0,1.0
258675,1.0,0.0,0.0,0.0,1.0,1.0,1.0,1.0,1.0,0.0
2377061,1.0,1.0,1.0,1.0,1.0,1.0,1.0,1.0,1.0,1.0
2035003,1.0,1.0,1.0,1.0,0.0,1.0,1.0,1.0,1.0,0.0
320939,1.0,1.0,1.0,1.0,1.0,0.0,1.0,1.0,1.0,1.0
1579906,1.0,1.0,0.0,1.0,1.0,0.0,1.0,1.0,1.0,1.0
1607747,1.0,1.0,1.0,1.0,1.0,1.0,1.0,1.0,1.0,1.0
57186,1.0,0.0,1.0,1.0,1.0,1.0,1.0,1.0,1.0,1.0
2452132,1.0,1.0,1.0,1.0,1.0,1.0,1.0,1.0,1.0,1.0
2591100,1.0,0.0,0.0,1.0,1.0,1.0,1.0,1.0,0.0,1.0
1356239,1.0,1.0,1.0,1.0,1.0,1.0,1.0,1.0,1.0,1.0
2244849,1.0,1.0,1.0,0.0,1.0,1.0,1.0,1.0,1.0,1.0
2551641,1.0,1.0,1.0,1.0,1.0,1.0,1.0,1.0,1.0,1.0
1912002,1.0,1.0,1.0,1.0,1.0,1.0,1.0,1.0,1.0,1.0
227469,1.0,1.0,1.0,1.0,1.0,1.0,1.0,1.0,1.0,1.0
931565,1.0,1.0,1.0,1.0,1.0,1.0,1.0,1.0,1.0,1.0
568832,1.0,0.0,1.0,0.0,1.0,1.0,1.0,1.0,1.0,0.0
1503647,1.0,1.0,1.0,1.0,1.0,1.0,1.0,1.0,0.0,1.0
2154901,1.0,0.0,1.0,1.0,1.0,1.0,1.0,1.0,1.0,1.0
1187749,1.0,1.0,1.0,1.0,1.0,1.0,1.0,1.0,1.0,1.0
2550324,1.0,0.0,0.0,1.0,1.0,1.0,1.0,1.0,1.0,1.0
883478,1.0,0.0,1.0,1.0,0.0,1.0,1.0,1.0,1.0,1.0
675468,1.0,1.0,1.0,1.0,0.0,1.0,1.0,1.0,1.0,0.0
1564649,1.0,1.0,1.0,1.0,1.0,1.0,1.0,1.0,0.0,1.0
490992,1.0,1.0,1.0,1.0,1.0,1.0,1.0,1.0,0.0,1.0
2366006,1.0,1.0,0.0,0.0,1.0,1.0,1.0,1.0,1.0,0.0
643058,1.0,1.0,0.0,1.0,1.0,0.0,0.0,1.0,1.0,0.0
816639,1.0,0.0,1.0,1.0,0.0,1.0,1.0,1.0,1.0,0.0
1606064,1.0,0.0,0.0,1.0,1.0,1.0,1.0,0.0,1.0,0.0
683254,1.0,1.0,1.0,1.0,1.0,1.0,1.0,1.0,1.0,1.0
1820593,1.0,1.0,1.0,1.0,1.0,1.0,1.0,1.0,1.0,1.0
898713,1.0,1.0,1.0,1.0,1.0,0.0,1.0,1.0,1.0,1.0
2139885,1.0,1.0,1.0,1.0,1.0,1.0,1.0,1.0,1.0,1.0
1659198,1.0,1.0,1.0,1.0,1.0,1.0,1.0,1.0,1.0,1.0
2319282,1.0,1.0,1.0,1.0,1.0,1.0,1.0,1.0,0.0,1.0
2243435,1.0,1.0,1.0,1.0,1.0,1.0,1.0,1.0,1.0,1.0
361327,1.0,1.0,1.0,1.0,1.0,1.0,1.0,1.0,1.0,1.0
2314898,1.0,0.0,1.0,0.0,1.0,1.0,1.0,0.0,1.0,1.0
383442,1.0,1.0,1.0,1.0,1.0,1.0,1.0,1.0,1.0,1.0
1095461,0.0,1.0,1.0,1.0,0.0,1.0,1.0,1.0,0.0,1.0
439978,1.0,1.0,1.0,1.0,1.0,1.0,1.0,1.0,1.0,1.0
890669,1.0,1.0,1.0,1.0,1.0,1.0,1.0,1.0,1.0,1.0
1970653,1.0,1.0,1.0,1.0,1.0,1.0,1.0,1.0,1.0,1.0
2481068,1.0,1.0,1.0,1.0,1.0,1.0,1.0,1.0,1.0,1.0
2387707,1.0,1.0,1.0,1.0,1.0,1.0,1.0,1.0,1.0,0.0
618931,1.0,0.0,1.0,1.0,1.0,1.0,1.0,1.0,1.0,1.0
337431,1.0,1.0,1.0,1.0,1.0,1.0,1.0,1.0,1.0,1.0
1360936,1.0,1.0,0.0,1.0,1.0,1.0,1.0,1.0,1.0,0.0
316155,1.0,1.0,0.0,1.0,1.0,0.0,0.0,1.0,0.0,0.0
2273448,1.0,1.0,1.0,1.0,1.0,1.0,1.0,1.0,1.0,1.0
2238629,0.0,1.0,1.0,1.0,1.0,1.0,1.0,0.0,1.0,1.0
1932397,1.0,1.0,1.0,1.0,1.0,1.0,1.0,1.0,1.0,1.0
305344,1.0,1.0,1.0,1.0,0.0,1.0,1.0,1.0,0.0,1.0
1271040,1.0,0.0,1.0,1.0,1.0,1.0,1.0,1.0,1.0,1.0
834131,0.0,1.0,1.0,1.0,1.0,0.0,0.0,1.0,1.0,0.0
582092,1.0,1.0,1.0,1.0,1.0,1.0,1.0,1.0,1.0,1.0
1144139,1.0,1.0,0.0,1.0,0.0,1.0,1.0,1.0,1.0,1.0
50259,1.0,1.0,1.0,1.0,1.0,1.0,1.0,1.0,0.0,1.0
926462,1.0,0.0,1.0,1.0,0.0,1.0,1.0,1.0,1.0,1.0
1170335,0.0,1.0,1.0,1.0,1.0,1.0,1.0,1.0,1.0,1.0
1614424,1.0,1.0,1.0,0.0,1.0,1.0,1.0,1.0,1.0,1.0
1455234,1.0,1.0,1.0,1.0,1.0,1.0,1.0,1.0,1.0,1.0
391521,1.0,0.0,1.0,1.0,1.0,1.0,1.0,1.0,1.0,1.0
2140471,1.0,0.0,1.0,1.0,1.0,1.0,1.0,1.0,1.0,1.0
2588416,1.0,1.0,1.0,1.0,1.0,0.0,1.0,1.0,1.0,1.0
1617647,1.0,1.0,1.0,1.0,1.0,1.0,1.0,1.0,1.0,1.0
768483,1.0,1.0,1.0,1.0,1.0,1.0,1.0,1.0,1.0,1.0
990639,1.0,1.0,1.0,1.0,1.0,0.0,1.0,0.0,0.0,0.0
2266421,1.0,1.0,1.0,1.0,1.0,1.0,1.0,1.0,1.0,1.0
1083720,1.0,1.0,1.0,1.0,1.0,1.0,1.0,1.0,1.0,1.0
1227322,1.0,1.0,1.0,1.0,1.0,0.0,0.0,1.0,0.0,0.0
2343379,1.0,1.0,1.0,1.0,1.0,1.0,1.0,1.0,1.0,1.0
297682,1.0,1.0,1.0,1.0,1.0,1.0,1.0,1.0,1.0,1.0
2147545,1.0,1.0,1.0,1.0,1.0,1.0,1.0,1.0,1.0,0.0
2406958,1.0,1.0,1.0,1.0,0.0,1.0,1.0,1.0,1.0,1.0
465238,1.0,1.0,1.0,1.0,1.0,1.0,1.0,1.0,0.0,1.0
2411531,1.0,0.0,0.0,1.0,1.0,1.0,1.0,0.0,1.0,1.0
874550,1.0,0.0,1.0,1.0,1.0,1.0,1.0,1.0,1.0,0.0
1024768,1.0,1.0,1.0,1.0,1.0,1.0,1.0,1.0,1.0,1.0
1262307,1.0,1.0,1.0,1.0,1.0,1.0,1.0,1.0,1.0,1.0
1663694,1.0,1.0,1.0,1.0,0.0,1.0,1.0,1.0,1.0,1.0
1041084,1.0,1.0,1.0,1.0,1.0,1.0,1.0,0.0,1.0,1.0
867800,1.0,1.0,1.0,1.0,1.0,1.0,1.0,1.0,1.0,1.0
1479499,1.0,1.0,1.0,1.0,0.0,1.0,1.0,1.0,1.0,0.0
1112565,1.0,1.0,1.0,1.0,1.0,0.0,1.0,1.0,1.0,1.0
270702,1.0,1.0,1.0,1.0,1.0,1.0,1.0,1.0,1.0,1.0
1832243,1.0,1.0,1.0,1.0,1.0,1.0,1.0,0.0,1.0,1.0
1988735,1.0,1.0,1.0,1.0,1.0,1.0,1.0,0.0,1.0,0.0
1352912,1.0,1.0,1.0,1.0,1.0,1.0,1.0,1.0,1.0,1.0
448086,1.0,0.0,1.0,1.0,1.0,1.0,1.0,1.0,1.0,1.0
563264,1.0,1.0,0.0,1.0,0.0,1.0,1.0,1.0,1.0,1.0
42630,1.0,1.0,1.0,1.0,1.0,1.0,1.0,1.0,1.0,1.0
2155333,1.0,1.0,1.0,1.0,1.0,1.0,1.0,1.0,1.0,1.0
1494683,1.0,0.0,1.0,1.0,1.0,1.0,1.0,1.0,1.0,1.0
1370564,1.0,0.0,0.0,0.0,1.0,1.0,1.0,0.0,1.0,1.0
2363228,1.0,1.0,1.0,1.0,1.0,1.0,1.0,1.0,1.0,1.0
647979,1.0,1.0,1.0,1.0,0.0,1.0,1.0,1.0,0.0,1.0
285031,1.0,1.0,1.0,1.0,1.0,1.0,1.0,1.0,1.0,1.0
1313129,1.0,1.0,1.0,1.0,1.0,1.0,1.0,0.0,1.0,1.0
33430,1.0,1.0,1.0,1.0,1.0,1.0,0.0,1.0,1.0,0.0
2519096,1.0,1.0,1.0,1.0,1.0,1.0,1.0,1.0,1.0,1.0
856563,1.0,1.0,1.0,1.0,1.0,1.0,1.0,1.0,0.0,1.0
10947,1.0,0.0,0.0,0.0,1.0,1.0,1.0,1.0,0.0,0.0
1223949,1.0,1.0,1.0,1.0,1.0,1.0,1.0,1.0,0.0,1.0
504211,1.0,0.0,1.0,1.0,1.0,1.0,1.0,1.0,1.0,1.0
2619337,1.0,1.0,1.0,1.0,1.0,1.0,1.0,1.0,0.0,1.0
1583631,0.0,1.0,1.0,1.0,1.0,1.0,1.0,1.0,1.0,1.0
952582,1.0,0.0,0.0,1.0,1.0,1.0,1.0,1.0,1.0,0.0
1658790,1.0,1.0,1.0,1.0,1.0,1.0,1.0,1.0,1.0,1.0
551489,1.0,1.0,1.0,1.0,1.0,1.0,1.0,1.0,1.0,1.0
1048069,1.0,0.0,1.0,1.0,0.0,1.0,1.0,1.0,1.0,1.0
213704,1.0,1.0,0.0,1.0,0.0,1.0,1.0,1.0,1.0,1.0
2214880,1.0,1.0,1.0,1.0,1.0,1.0,1.0,1.0,1.0,1.0
116252,1.0,1.0,1.0,1.0,1.0,1.0,1.0,1.0,1.0,1.0
1937187,1.0,1.0,1.0,1.0,1.0,1.0,1.0,0.0,1.0,1.0
735710,1.0,1.0,1.0,1.0,1.0,1.0,1.0,1.0,1.0,1.0
1829748,0.0,1.0,0.0,1.0,0.0,1.0,1.0,1.0,0.0,0.0
1611417,0.0,1.0,1.0,0.0,1.0,1.0,1.0,1.0,1.0,0.0
102721,1.0,0.0,0.0,1.0,1.0,1.0,1.0,1.0,1.0,0.0
1278961,1.0,1.0,1.0,1.0,1.0,1.0,1.0,1.0,1.0,1.0
289278,1.0,1.0,1.0,1.0,1.0,1.0,1.0,1.0,1.0,1.0
1933255,1.0,1.0,1.0,1.0,1.0,1.0,1.0,1.0,1.0,1.0
97578,1.0,1.0,1.0,0.0,0.0,1.0,0.0,1.0,0.0,1.0
241634,1.0,0.0,1.0,1.0,1.0,1.0,1.0,1.0,1.0,1.0
671440,1.0,1.0,1.0,1.0,1.0,1.0,1.0,1.0,1.0,1.0
548695,1.0,0.0,1.0,1.0,1.0,1.0,1.0,1.0,0.0,1.0
1387766,1.0,1.0,1.0,1.0,1.0,1.0,1.0,1.0,1.0,1.0
2213131,1.0,0.0,0.0,1.0,1.0,1.0,1.0,1.0,1.0,0.0
2578541,1.0,1.0,1.0,1.0,1.0,1.0,1.0,1.0,1.0,1.0
468837,1.0,1.0,1.0,0.0,1.0,1.0,1.0,1.0,1.0,1.0
1914525,1.0,0.0,1.0,1.0,1.0,1.0,0.0,1.0,0.0,1.0
192889,1.0,1.0,1.0,1.0,1.0,0.0,1.0,0.0,1.0,0.0
1564978,1.0,1.0,1.0,1.0,1.0,1.0,1.0,1.0,1.0,1.0
2457095,1.0,1.0,1.0,1.0,1.0,1.0,1.0,1.0,1.0,0.0
1911219,0.0,1.0,1.0,0.0,1.0,1.0,1.0,1.0,1.0,1.0
2632868,0.0,0.0,0.0,1.0,1.0,0.0,1.0,0.0,1.0,0.0
1397022,1.0,1.0,1.0,1.0,1.0,1.0,1.0,1.0,1.0,0.0
2070820,1.0,1.0,1.0,1.0,1.0,1.0,1.0,1.0,1.0,1.0
2052789,1.0,1.0,1.0,1.0,1.0,1.0,1.0,1.0,1.0,1.0
1771053,0.0,1.0,1.0,0.0,1.0,1.0,1.0,1.0,1.0,1.0
1345929,1.0,1.0,1.0,1.0,1.0,1.0,1.0,1.0,0.0,1.0
2526370,1.0,1.0,1.0,1.0,1.0,1.0,1.0,1.0,1.0,1.0
2559157,1.0,1.0,1.0,1.0,1.0,1.0,1.0,1.0,1.0,1.0
1661583,1.0,1.0,1.0,1.0,1.0,1.0,1.0,1.0,1.0,1.0
387418,1.0,1.0,1.0,1.0,1.0,1.0,1.0,1.0,1.0,1.0
227076,1.0,1.0,1.0,1.0,1.0,1.0,1.0,1.0,1.0,1.0
1192459,1.0,1.0,1.0,1.0,0.0,1.0,1.0,1.0,1.0,1.0
1666957,1.0,1.0,1.0,1.0,1.0,1.0,1.0,1.0,1.0,1.0
42416,1.0,1.0,1.0,1.0,0.0,1.0,1.0,1.0,0.0,1.0
1521233,1.0,1.0,1.0,1.0,1.0,1.0,1.0,1.0,0.0,1.0
106873,1.0,1.0,1.0,1.0,1.0,1.0,1.0,1.0,1.0,1.0
709905,1.0,1.0,0.0,1.0,1.0,1.0,1.0,1.0,1.0,1.0
1747859,1.0,1.0,1.0,1.0,1.0,1.0,1.0,1.0,0.0,0.0
10954,1.0,1.0,1.0,1.0,1.0,1.0,1.0,0.0,1.0,1.0
1230845,0.0,1.0,0.0,1.0,1.0,1.0,1.0,0.0,0.0,1.0
1125570,0.0,1.0,1.0,1.0,1.0,1.0,1.0,1.0,1.0,1.0
1576991,0.0,1.0,1.0,0.0,1.0,0.0,1.0,1.0,0.0,1.0
1050232,1.0,1.0,1.0,1.0,1.0,1.0,1.0,1.0,1.0,1.0
1899913,1.0,0.0,1.0,1.0,1.0,1.0,1.0,1.0,1.0,1.0
436436,1.0,1.0,1.0,0.0,1.0,1.0,1.0,1.0,0.0,1.0
117567,1.0,1.0,1.0,1.0,1.0,1.0,1.0,1.0,1.0,1.0
653059,1.0,1.0,0.0,1.0,1.0,1.0,1.0,1.0,1.0,0.0
63493,1.0,1.0,1.0,1.0,1.0,1.0,1.0,1.0,1.0,1.0
1289074,1.0,0.0,1.0,1.0,1.0,0.0,1.0,1.0,0.0,1.0
2027278,1.0,1.0,1.0,0.0,1.0,1.0,1.0,1.0,1.0,1.0
30878,1.0,1.0,1.0,1.0,1.0,1.0,1.0,1.0,1.0,1.0
1501018,1.0,1.0,1.0,1.0,1.0,1.0,1.0,1.0,1.0,1.0
1071582,1.0,1.0,0.0,0.0,1.0,1.0,1.0,1.0,1.0,0.0
1099977,1.0,1.0,1.0,1.0,1.0,1.0,1.0,1.0,1.0,1.0
1514999,1.0,1.0,1.0,1.0,1.0,1.0,1.0,1.0,1.0,0.0
647111,1.0,1.0,1.0,1.0,1.0,1.0,1.0,1.0,0.0,0.0
774088,1.0,0.0,1.0,1.0,1.0,1.0,1.0,1.0,1.0,1.0
214191,1.0,1.0,1.0,1.0,1.0,1.0,1.0,1.0,1.0,1.0
1902838,0.0,0.0,0.0,1.0,1.0,0.0,0.0,0.0,1.0,0.0
1589401,1.0,1.0,1.0,1.0,1.0,1.0,1.0,1.0,1.0,1.0
2594995,1.0,1.0,1.0,1.0,1.0,1.0,1.0,1.0,1.0,1.0
2525160,1.0,1.0,1.0,1.0,1.0,1.0,1.0,1.0,1.0,1.0
1691090,1.0,1.0,1.0,1.0,1.0,1.0,1.0,0.0,1.0,1.0
322199,1.0,1.0,1.0,1.0,0.0,1.0,1.0,1.0,1.0,1.0
2074594,1.0,1.0,1.0,0.0,1.0,1.0,1.0,1.0,1.0,1.0
1462488,1.0,1.0,1.0,1.0,1.0,1.0,1.0,1.0,1.0,1.0
1631433,1.0,1.0,1.0,1.0,1.0,1.0,1.0,1.0,1.0,1.0
1814098,1.0,1.0,0.0,1.0,1.0,1.0,1.0,1.0,1.0,1.0
1433573,1.0,0.0,1.0,1.0,1.0,1.0,1.0,1.0,1.0,0.0
1276913,1.0,1.0,1.0,1.0,1.0,1.0,1.0,1.0,1.0,1.0
401206,1.0,1.0,1.0,1.0,1.0,0.0,1.0,1.0,1.0,1.0
1300582,1.0,0.0,1.0,1.0,1.0,1.0,1.0,1.0,1.0,1.0
1483639,1.0,0.0,1.0,0.0,0.0,1.0,1.0,1.0,0.0,1.0
581989,1.0,1.0,1.0,1.0,1.0,1.0,1.0,1.0,1.0,1.0
1279821,1.0,1.0,1.0,1.0,1.0,1.0,1.0,1.0,1.0,1.0
2029743,1.0,1.0,1.0,1.0,1.0,0.0,1.0,1.0,1.0,1.0
840737,0.0,1.0,0.0,1.0,1.0,1.0,1.0,1.0,1.0,0.0
581952,1.0,1.0,1.0,1.0,1.0,1.0,1.0,1.0,1.0,1.0
306564,1.0,1.0,0.0,0.0,1.0,1.0,1.0,1.0,1.0,1.0
1307002,1.0,1.0,1.0,1.0,1.0,1.0,1.0,1.0,1.0,1.0
2531303,1.0,1.0,0.0,1.0,1.0,1.0,1.0,1.0,1.0,1.0
705906,1.0,1.0,1.0,1.0,1.0,1.0,1.0,1.0,0.0,1.0
516192,1.0,1.0,1.0,1.0,1.0,1.0,1.0,1.0,1.0,1.0
2468881,1.0,1.0,1.0,1.0,0.0,1.0,1.0,1.0,1.0,1.0
904391,1.0,1.0,0.0,1.0,1.0,0.0,1.0,1.0,1.0,1.0
2381792,1.0,1.0,1.0,1.0,1.0,1.0,1.0,1.0,0.0,1.0
131752,1.0,1.0,1.0,1.0,1.0,1.0,0.0,1.0,1.0,1.0
1648342,1.0,0.0,0.0,1.0,0.0,1.0,1.0,1.0,1.0,0.0
1478543,1.0,1.0,1.0,1.0,1.0,1.0,1.0,1.0,1.0,1.0
975592,1.0,1.0,1.0,1.0,1.0,1.0,1.0,1.0,0.0,1.0
2624234,1.0,1.0,1.0,1.0,1.0,1.0,1.0,1.0,1.0,1.0
2229377,1.0,1.0,1.0,1.0,1.0,1.0,1.0,1.0,1.0,1.0
1872926,1.0,1.0,0.0,1.0,1.0,1.0,1.0,0.0,0.0,0.0
2588966,1.0,1.0,1.0,1.0,1.0,1.0,1.0,1.0,1.0,1.0
53694,1.0,1.0,1.0,1.0,1.0,1.0,1.0,1.0,1.0,1.0
2546946,1.0,1.0,1.0,1.0,1.0,1.0,1.0,1.0,1.0,1.0
876370,1.0,0.0,1.0,0.0,1.0,0.0,1.0,1.0,1.0,1.0
666611,1.0,1.0,1.0,1.0,1.0,1.0,1.0,1.0,1.0,1.0
632028,1.0,1.0,1.0,1.0,0.0,1.0,0.0,1.0,1.0,0.0
758634,1.0,1.0,1.0,1.0,1.0,1.0,1.0,1.0,1.0,1.0
2341658,1.0,1.0,1.0,1.0,1.0,0.0,1.0,1.0,1.0,1.0
1675194,1.0,1.0,1.0,1.0,1.0,1.0,0.0,1.0,1.0,0.0
364749,1.0,0.0,1.0,1.0,1.0,1.0,1.0,1.0,1.0,1.0
112987,1.0,1.0,1.0,1.0,1.0,1.0,1.0,1.0,1.0,1.0
301047,1.0,0.0,1.0,1.0,1.0,1.0,1.0,1.0,1.0,1.0
1967891,1.0,0.0,0.0,1.0,0.0,0.0,1.0,1.0,1.0,1.0
1083531,1.0,0.0,0.0,1.0,0.0,1.0,1.0,1.0,1.0,0.0
1490642,1.0,0.0,1.0,1.0,1.0,1.0,1.0,1.0,1.0,1.0
1889106,1.0,1.0,1.0,1.0,1.0,1.0,0.0,1.0,1.0,1.0
2394802,1.0,1.0,1.0,1.0,1.0,1.0,1.0,1.0,0.0,1.0
1635582,1.0,0.0,1.0,1.0,1.0,1.0,1.0,1.0,0.0,1.0
91234,1.0,1.0,1.0,1.0,1.0,1.0,1.0,1.0,1.0,1.0
960950,1.0,1.0,1.0,1.0,1.0,1.0,1.0,1.0,1.0,1.0
491531,1.0,0.0,1.0,1.0,1.0,1.0,1.0,1.0,1.0,1.0
1755534,1.0,1.0,1.0,1.0,1.0,1.0,1.0,1.0,1.0,1.0
225972,1.0,1.0,1.0,1.0,1.0,1.0,1.0,1.0,1.0,1.0
2509976,1.0,1.0,1.0,1.0,1.0,1.0,1.0,1.0,0.0,1.0
1236924,1.0,1.0,1.0,1.0,1.0,1.0,1.0,1.0,1.0,1.0
95100,1.0,0.0,0.0,0.0,1.0,0.0,0.0,1.0,1.0,1.0
2568756,1.0,0.0,1.0,1.0,1.0,1.0,0.0,1.0,1.0,1.0
18856,1.0,1.0,1.0,1.0,1.0,1.0,0.0,1.0,0.0,1.0
246980,1.0,1.0,1.0,1.0,1.0,1.0,1.0,1.0,1.0,1.0
1898804,1.0,1.0,1.0,1.0,1.0,1.0,1.0,1.0,1.0,1.0
2348692,1.0,1.0,1.0,1.0,0.0,1.0,1.0,1.0,1.0,1.0
119287,1.0,1.0,0.0,1.0,0.0,1.0,1.0,1.0,0.0,1.0
1029833,1.0,1.0,1.0,1.0,1.0,1.0,1.0,1.0,1.0,1.0
921585,1.0,1.0,1.0,1.0,1.0,0.0,1.0,1.0,1.0,0.0
1168926,1.0,1.0,1.0,1.0,1.0,1.0,1.0,1.0,1.0,1.0
2320222,1.0,1.0,1.0,1.0,1.0,1.0,1.0,1.0,1.0,1.0
1085991,1.0,1.0,1.0,1.0,1.0,1.0,1.0,1.0,1.0,1.0
1232251,1.0,1.0,1.0,1.0,1.0,1.0,1.0,1.0,0.0,1.0
1576028,1.0,1.0,1.0,1.0,1.0,1.0,1.0,1.0,1.0,0.0
128311,0.0,0.0,1.0,0.0,0.0,1.0,1.0,1.0,1.0,1.0
1564191,1.0,1.0,0.0,1.0,1.0,0.0,1.0,0.0,1.0,1.0
1580943,1.0,0.0,1.0,1.0,1.0,0.0,1.0,1.0,1.0,1.0
794215,0.0,1.0,1.0,0.0,1.0,1.0,0.0,1.0,0.0,1.0
2437021,1.0,1.0,0.0,1.0,1.0,1.0,1.0,1.0,1.0,1.0
2375169,1.0,1.0,1.0,1.0,1.0,1.0,1.0,1.0,1.0,1.0
965050,1.0,1.0,1.0,1.0,1.0,1.0,1.0,1.0,1.0,1.0
2416290,1.0,1.0,0.0,1.0,1.0,1.0,0.0,1.0,1.0,0.0
2514777,1.0,1.0,1.0,1.0,1.0,1.0,1.0,1.0,1.0,1.0
1637213,1.0,1.0,1.0,1.0,1.0,1.0,1.0,1.0,1.0,1.0
2319265,0.0,0.0,1.0,0.0,0.0,0.0,0.0,1.0,1.0,0.0
1319658,1.0,1.0,1.0,0.0,1.0,0.0,1.0,1.0,1.0,1.0
637475,1.0,1.0,1.0,1.0,1.0,1.0,1.0,1.0,1.0,1.0
595778,1.0,1.0,1.0,0.0,1.0,1.0,1.0,1.0,1.0,1.0
61472,1.0,0.0,1.0,1.0,1.0,1.0,0.0,0.0,1.0,1.0
1150035,1.0,1.0,1.0,1.0,1.0,1.0,1.0,1.0,1.0,1.0
1731658,1.0,0.0,1.0,1.0,1.0,1.0,1.0,1.0,0.0,0.0
816504,1.0,1.0,1.0,1.0,1.0,1.0,1.0,1.0,1.0,1.0
135594,1.0,1.0,1.0,1.0,1.0,1.0,1.0,1.0,0.0,1.0
2219187,1.0,1.0,1.0,1.0,1.0,1.0,1.0,1.0,1.0,0.0
1478117,0.0,0.0,1.0,1.0,1.0,1.0,1.0,1.0,0.0,1.0
2053907,1.0,1.0,1.0,1.0,1.0,1.0,1.0,1.0,1.0,1.0
1688176,1.0,1.0,1.0,1.0,1.0,1.0,1.0,1.0,1.0,1.0
465414,1.0,0.0,1.0,0.0,0.0,0.0,1.0,1.0,0.0,1.0
1351421,1.0,0.0,1.0,1.0,1.0,1.0,1.0,1.0,1.0,1.0
58485,1.0,1.0,1.0,1.0,1.0,1.0,1.0,1.0,1.0,1.0
2549156,1.0,1.0,1.0,1.0,0.0,1.0,1.0,0.0,1.0,0.0
1290148,1.0,1.0,1.0,1.0,0.0,1.0,1.0,1.0,1.0,1.0
1984315,1.0,0.0,0.0,1.0,1.0,1.0,1.0,1.0,1.0,1.0
1483731,0.0,1.0,0.0,1.0,1.0,1.0,1.0,1.0,0.0,1.0
1917470,1.0,0.0,1.0,0.0,1.0,1.0,1.0,1.0,1.0,1.0
46650,1.0,1.0,1.0,1.0,1.0,1.0,1.0,1.0,0.0,1.0
1912542,1.0,0.0,1.0,0.0,0.0,0.0,1.0,0.0,0.0,0.0
760924,1.0,1.0,1.0,1.0,1.0,1.0,1.0,1.0,1.0,1.0
2446442,1.0,1.0,1.0,1.0,1.0,1.0,1.0,1.0,1.0,1.0
902413,1.0,1.0,1.0,1.0,1.0,0.0,1.0,0.0,1.0,1.0
1957786,1.0,1.0,0.0,1.0,1.0,1.0,1.0,1.0,1.0,1.0
221882,1.0,0.0,0.0,1.0,1.0,1.0,1.0,1.0,1.0,1.0
1621666,1.0,1.0,1.0,1.0,1.0,1.0,1.0,1.0,1.0,1.0
2604473,1.0,1.0,1.0,1.0,1.0,1.0,1.0,1.0,1.0,1.0
351213,1.0,1.0,1.0,1.0,1.0,1.0,1.0,1.0,1.0,0.0
1130133,1.0,1.0,1.0,0.0,1.0,1.0,1.0,1.0,1.0,1.0
503235,1.0,1.0,1.0,1.0,1.0,1.0,1.0,1.0,1.0,1.0
2331946,1.0,0.0,1.0,1.0,1.0,1.0,1.0,1.0,0.0,0.0
549534,1.0,1.0,1.0,1.0,1.0,1.0,1.0,1.0,0.0,1.0
1549174,0.0,0.0,1.0,1.0,0.0,1.0,0.0,1.0,1.0,0.0
1468812,1.0,1.0,1.0,1.0,1.0,0.0,1.0,1.0,1.0,1.0
1852040,1.0,1.0,0.0,1.0,1.0,1.0,1.0,0.0,0.0,1.0
1446909,1.0,1.0,1.0,1.0,1.0,1.0,1.0,1.0,1.0,1.0
2437983,0.0,1.0,1.0,1.0,1.0,1.0,1.0,1.0,1.0,0.0
973313,1.0,1.0,1.0,0.0,1.0,1.0,1.0,0.0,0.0,1.0
2479320,0.0,0.0,1.0,1.0,1.0,1.0,1.0,0.0,1.0,1.0
1997103,1.0,0.0,1.0,1.0,0.0,1.0,1.0,1.0,1.0,1.0
2492268,1.0,0.0,1.0,0.0,0.0,1.0,1.0,0.0,1.0,1.0
1556831,0.0,1.0,1.0,0.0,1.0,1.0,1.0,0.0,0.0,0.0
1115274,1.0,1.0,1.0,1.0,1.0,1.0,1.0,0.0,0.0,1.0
1579413,1.0,1.0,1.0,1.0,1.0,1.0,1.0,1.0,1.0,1.0
1998055,0.0,1.0,1.0,0.0,1.0,1.0,1.0,1.0,1.0,1.0
2138987,1.0,1.0,1.0,1.0,1.0,1.0,1.0,1.0,1.0,1.0
666500,1.0,0.0,1.0,1.0,1.0,1.0,1.0,1.0,0.0,1.0
422485,1.0,1.0,1.0,1.0,1.0,1.0,1.0,1.0,1.0,1.0
1481825,1.0,1.0,0.0,1.0,1.0,1.0,1.0,1.0,1.0,0.0
1126218,1.0,1.0,1.0,1.0,1.0,1.0,1.0,1.0,1.0,1.0
1210904,1.0,1.0,1.0,1.0,1.0,1.0,1.0,1.0,1.0,1.0
100495,1.0,1.0,1.0,1.0,1.0,1.0,1.0,1.0,1.0,1.0
761220,1.0,0.0,0.0,1.0,1.0,1.0,0.0,1.0,1.0,0.0
1576102,1.0,1.0,1.0,1.0,1.0,0.0,1.0,1.0,1.0,1.0
1892183,1.0,1.0,1.0,1.0,1.0,1.0,1.0,1.0,1.0,1.0
72607,1.0,1.0,1.0,1.0,0.0,0.0,1.0,1.0,1.0,1.0
2641801,1.0,1.0,1.0,1.0,1.0,1.0,1.0,1.0,1.0,1.0
2407866,1.0,1.0,1.0,1.0,1.0,1.0,1.0,1.0,1.0,1.0
1944012,1.0,1.0,1.0,1.0,1.0,1.0,1.0,0.0,1.0,1.0
2190100,1.0,0.0,0.0,1.0,1.0,1.0,1.0,1.0,0.0,1.0
969461,1.0,1.0,1.0,1.0,1.0,1.0,1.0,1.0,1.0,1.0
2351580,1.0,1.0,1.0,1.0,0.0,1.0,1.0,1.0,0.0,1.0
197482,1.0,1.0,1.0,1.0,1.0,1.0,0.0,1.0,1.0,1.0
2474839,1.0,1.0,1.0,1.0,1.0,1.0,1.0,1.0,1.0,1.0
480115,1.0,1.0,1.0,0.0,1.0,1.0,1.0,1.0,1.0,1.0
1337026,1.0,0.0,1.0,1.0,1.0,1.0,1.0,1.0,1.0,1.0
948572,1.0,1.0,1.0,0.0,1.0,1.0,1.0,1.0,1.0,1.0
941279,1.0,1.0,1.0,1.0,1.0,1.0,1.0,1.0,1.0,1.0
2535787,1.0,1.0,1.0,1.0,1.0,1.0,1.0,1.0,1.0,1.0
1742805,1.0,0.0,1.0,1.0,1.0,1.0,1.0,1.0,1.0,1.0
108936,1.0,1.0,1.0,1.0,1.0,1.0,1.0,1.0,1.0,1.0
2117885,1.0,0.0,1.0,1.0,1.0,1.0,0.0,1.0,0.0,1.0
2375033,1.0,0.0,0.0,1.0,0.0,1.0,1.0,0.0,1.0,0.0
2262335,1.0,1.0,0.0,1.0,0.0,1.0,1.0,0.0,1.0,1.0
2583311,1.0,1.0,1.0,1.0,1.0,1.0,1.0,1.0,1.0,1.0
1295700,1.0,1.0,1.0,1.0,1.0,1.0,1.0,1.0,1.0,1.0
282953,1.0,1.0,1.0,1.0,1.0,1.0,1.0,1.0,1.0,1.0
1752856,1.0,1.0,0.0,1.0,1.0,1.0,1.0,1.0,1.0,1.0
921658,1.0,1.0,1.0,1.0,1.0,1.0,1.0,1.0,1.0,1.0
2252435,1.0,0.0,1.0,0.0,0.0,1.0,1.0,1.0,1.0,0.0
1385356,1.0,1.0,1.0,1.0,1.0,1.0,1.0,1.0,0.0,1.0
2607183,1.0,1.0,1.0,1.0,1.0,1.0,1.0,1.0,1.0,1.0
248976,0.0,1.0,1.0,1.0,1.0,1.0,1.0,1.0,0.0,1.0
1099833,1.0,1.0,1.0,1.0,1.0,1.0,1.0,1.0,0.0,1.0
505109,1.0,1.0,0.0,1.0,1.0,1.0,0.0,1.0,1.0,0.0
1277779,1.0,1.0,1.0,1.0,1.0,1.0,1.0,1.0,1.0,1.0
1321481,1.0,1.0,1.0,1.0,1.0,1.0,1.0,1.0,1.0,1.0
2396089,1.0,1.0,1.0,1.0,0.0,1.0,1.0,1.0,1.0,1.0
294301,1.0,1.0,1.0,1.0,1.0,1.0,1.0,1.0,1.0,1.0
198655,1.0,1.0,1.0,1.0,1.0,1.0,1.0,1.0,1.0,0.0
279265,1.0,1.0,1.0,1.0,1.0,1.0,1.0,1.0,1.0,1.0
2021943,1.0,1.0,1.0,1.0,1.0,1.0,1.0,1.0,1.0,1.0
106870,1.0,0.0,0.0,0.0,1.0,0.0,1.0,1.0,1.0,1.0
2289197,0.0,0.0,1.0,0.0,0.0,1.0,1.0,1.0,0.0,1.0
1376923,1.0,1.0,0.0,1.0,1.0,1.0,1.0,1.0,1.0,1.0
1538659,1.0,1.0,1.0,1.0,1.0,1.0,1.0,1.0,1.0,1.0
1867238,1.0,0.0,1.0,1.0,1.0,1.0,1.0,0.0,0.0,1.0
318457,1.0,0.0,1.0,1.0,1.0,1.0,1.0,1.0,0.0,1.0
2380329,1.0,1.0,1.0,1.0,0.0,1.0,1.0,1.0,1.0,1.0
1458814,1.0,1.0,1.0,1.0,1.0,1.0,1.0,1.0,1.0,1.0
2560469,0.0,1.0,1.0,1.0,1.0,1.0,1.0,1.0,1.0,1.0
1280268,1.0,1.0,1.0,1.0,1.0,1.0,1.0,1.0,1.0,1.0
1233953,1.0,1.0,1.0,1.0,1.0,1.0,1.0,1.0,1.0,1.0
1993756,1.0,1.0,1.0,1.0,1.0,1.0,1.0,0.0,1.0,0.0
1242071,1.0,1.0,1.0,1.0,1.0,1.0,1.0,1.0,1.0,1.0
326121,0.0,0.0,0.0,1.0,0.0,0.0,1.0,0.0,0.0,0.0
2342120,1.0,1.0,1.0,1.0,0.0,1.0,1.0,1.0,1.0,1.0
2160087,1.0,1.0,1.0,1.0,1.0,1.0,1.0,1.0,1.0,1.0
922539,1.0,1.0,0.0,1.0,1.0,1.0,1.0,1.0,1.0,0.0
2220732,1.0,1.0,1.0,1.0,1.0,1.0,1.0,0.0,1.0,1.0
1961161,1.0,1.0,1.0,0.0,1.0,1.0,1.0,1.0,1.0,1.0
2528590,1.0,1.0,1.0,1.0,1.0,1.0,1.0,1.0,1.0,0.0
943256,1.0,0.0,1.0,1.0,1.0,1.0,1.0,1.0,1.0,0.0
2409398,1.0,1.0,1.0,0.0,0.0,1.0,1.0,1.0,1.0,1.0
618832,1.0,1.0,1.0,1.0,1.0,1.0,1.0,1.0,1.0,1.0
542848,1.0,1.0,1.0,0.0,1.0,1.0,1.0,1.0,1.0,1.0
1939221,1.0,1.0,1.0,1.0,0.0,1.0,1.0,0.0,1.0,1.0
2398656,1.0,1.0,1.0,1.0,1.0,1.0,1.0,1.0,1.0,1.0
1952604,1.0,0.0,0.0,0.0,0.0,0.0,1.0,0.0,0.0,0.0
954973,1.0,0.0,1.0,1.0,1.0,1.0,1.0,1.0,0.0,1.0
1980593,1.0,0.0,1.0,1.0,1.0,1.0,1.0,1.0,1.0,1.0
332086,1.0,1.0,1.0,1.0,0.0,1.0,1.0,1.0,1.0,1.0
2502145,1.0,0.0,0.0,1.0,1.0,1.0,1.0,1.0,1.0,1.0
2176780,1.0,1.0,1.0,0.0,1.0,1.0,1.0,1.0,1.0,1.0
2290263,1.0,1.0,1.0,1.0,1.0,1.0,1.0,1.0,0.0,1.0
124699,1.0,1.0,0.0,1.0,0.0,1.0,1.0,0.0,1.0,0.0
2089742,1.0,1.0,1.0,1.0,0.0,0.0,1.0,1.0,1.0,1.0
563447,1.0,1.0,1.0,1.0,1.0,0.0,1.0,1.0,1.0,1.0
2580792,1.0,1.0,1.0,1.0,1.0,0.0,0.0,1.0,0.0,0.0
723631,1.0,1.0,1.0,1.0,1.0,1.0,1.0,1.0,1.0,1.0
1293508,1.0,1.0,1.0,1.0,1.0,1.0,1.0,1.0,1.0,1.0
1802414,1.0,0.0,1.0,1.0,1.0,1.0,1.0,1.0,1.0,1.0
1927580,1.0,0.0,1.0,1.0,1.0,0.0,1.0,1.0,1.0,0.0
184888,1.0,1.0,1.0,1.0,1.0,1.0,1.0,1.0,1.0,1.0
1968862,1.0,0.0,1.0,1.0,1.0,1.0,1.0,1.0,1.0,1.0
237672,1.0,1.0,1.0,1.0,1.0,1.0,1.0,1.0,1.0,1.0
1971298,1.0,1.0,1.0,1.0,1.0,1.0,1.0,1.0,1.0,0.0
881431,1.0,0.0,1.0,1.0,1.0,0.0,1.0,1.0,1.0,1.0
669122,1.0,1.0,1.0,1.0,1.0,1.0,1.0,1.0,1.0,1.0
1819758,1.0,1.0,1.0,1.0,1.0,1.0,1.0,1.0,1.0,1.0
2398061,1.0,1.0,1.0,1.0,1.0,1.0,1.0,1.0,1.0,1.0
1747154,1.0,1.0,1.0,1.0,1.0,1.0,1.0,1.0,0.0,1.0
2043555,1.0,1.0,1.0,1.0,1.0,1.0,1.0,1.0,1.0,1.0
269689,1.0,0.0,1.0,1.0,1.0,1.0,1.0,1.0,1.0,1.0
745542,1.0,1.0,1.0,1.0,1.0,1.0,1.0,1.0,1.0,1.0
599480,1.0,1.0,1.0,1.0,0.0,1.0,1.0,1.0,1.0,1.0
1801709,1.0,1.0,1.0,1.0,1.0,1.0,1.0,1.0,1.0,1.0
1750785,1.0,0.0,1.0,1.0,1.0,0.0,1.0,1.0,1.0,1.0
923889,1.0,1.0,1.0,1.0,1.0,1.0,1.0,0.0,0.0,1.0
1784150,1.0,1.0,1.0,1.0,0.0,1.0,1.0,1.0,1.0,1.0
1110291,1.0,1.0,1.0,1.0,0.0,1.0,1.0,1.0,0.0,0.0
257622,1.0,0.0,0.0,1.0,0.0,0.0,1.0,1.0,0.0,0.0
15402,1.0,0.0,1.0,1.0,1.0,1.0,1.0,1.0,1.0,1.0
1450860,0.0,1.0,0.0,1.0,1.0,1.0,1.0,1.0,1.0,1.0
2218269,1.0,1.0,1.0,0.0,1.0,1.0,1.0,1.0,1.0,1.0
316931,1.0,1.0,1.0,1.0,1.0,1.0,1.0,1.0,1.0,1.0
309424,1.0,1.0,1.0,1.0,1.0,1.0,1.0,1.0,1.0,1.0
1838852,1.0,1.0,1.0,1.0,1.0,1.0,1.0,1.0,1.0,1.0
267841,1.0,1.0,1.0,1.0,1.0,1.0,1.0,1.0,1.0,1.0
2135415,1.0,1.0,1.0,1.0,1.0,1.0,1.0,1.0,1.0,1.0
281729,1.0,1.0,1.0,1.0,1.0,1.0,1.0,1.0,1.0,1.0
948457,1.0,1.0,1.0,1.0,1.0,1.0,1.0,1.0,1.0,1.0
597873,1.0,0.0,1.0,1.0,1.0,1.0,1.0,1.0,1.0,1.0
1818241,1.0,1.0,1.0,1.0,1.0,0.0,1.0,0.0,1.0,1.0
2417320,1.0,1.0,1.0,1.0,1.0,1.0,1.0,1.0,1.0,0.0
476695,1.0,0.0,1.0,1.0,1.0,1.0,1.0,1.0,1.0,1.0
1467105,1.0,1.0,1.0,1.0,1.0,1.0,1.0,1.0,0.0,0.0
2292354,1.0,1.0,0.0,1.0,1.0,1.0,1.0,1.0,1.0,1.0
2351276,0.0,0.0,0.0,0.0,0.0,1.0,1.0,1.0,1.0,1.0
1501869,1.0,1.0,1.0,1.0,1.0,1.0,1.0,1.0,1.0,1.0
972267,1.0,1.0,1.0,1.0,0.0,1.0,1.0,1.0,1.0,1.0
2564688,1.0,0.0,1.0,1.0,1.0,1.0,1.0,1.0,1.0,1.0
1156403,1.0,0.0,1.0,0.0,0.0,1.0,1.0,1.0,1.0,1.0
280120,1.0,0.0,1.0,1.0,0.0,1.0,1.0,1.0,1.0,1.0
63786,1.0,1.0,1.0,1.0,1.0,1.0,1.0,1.0,0.0,1.0
638004,1.0,1.0,1.0,1.0,1.0,1.0,1.0,1.0,1.0,1.0
234639,1.0,1.0,1.0,1.0,1.0,1.0,1.0,1.0,1.0,1.0
1470123,1.0,1.0,1.0,1.0,1.0,1.0,1.0,1.0,1.0,1.0
2531920,1.0,1.0,1.0,1.0,1.0,1.0,1.0,1.0,1.0,1.0
201303,1.0,1.0,1.0,1.0,1.0,1.0,1.0,1.0,1.0,0.0
1777406,1.0,1.0,1.0,1.0,1.0,0.0,1.0,0.0,1.0,1.0
1776654,1.0,1.0,1.0,1.0,0.0,1.0,1.0,1.0,1.0,1.0
2120652,0.0,1.0,1.0,1.0,1.0,1.0,1.0,1.0,1.0,1.0
167410,1.0,1.0,1.0,1.0,1.0,1.0,1.0,1.0,1.0,1.0
2002196,1.0,1.0,1.0,1.0,0.0,1.0,1.0,1.0,1.0,1.0
1000851,1.0,1.0,1.0,1.0,1.0,1.0,1.0,1.0,0.0,1.0
1699240,1.0,1.0,1.0,1.0,1.0,1.0,1.0,1.0,1.0,1.0
600835,1.0,1.0,1.0,1.0,1.0,1.0,1.0,1.0,0.0,1.0
506155,1.0,0.0,0.0,1.0,1.0,1.0,1.0,1.0,1.0,1.0
2621201,1.0,0.0,1.0,0.0,1.0,1.0,1.0,0.0,1.0,0.0
353820,0.0,1.0,1.0,1.0,1.0,1.0,1.0,1.0,1.0,1.0
2539243,1.0,1.0,1.0,1.0,1.0,1.0,1.0,0.0,1.0,1.0
684220,1.0,1.0,1.0,1.0,1.0,1.0,1.0,1.0,1.0,1.0
1325977,1.0,1.0,1.0,0.0,1.0,1.0,1.0,1.0,1.0,1.0
1819879,1.0,1.0,1.0,1.0,1.0,1.0,0.0,1.0,1.0,1.0
426352,1.0,1.0,1.0,1.0,0.0,1.0,1.0,1.0,1.0,0.0
377975,1.0,1.0,1.0,1.0,1.0,1.0,1.0,1.0,1.0,1.0
2244258,1.0,1.0,1.0,1.0,1.0,1.0,1.0,0.0,1.0,1.0
1198632,1.0,1.0,1.0,1.0,1.0,1.0,1.0,1.0,0.0,1.0
768876,1.0,1.0,1.0,1.0,1.0,1.0,1.0,1.0,1.0,1.0
1260854,1.0,1.0,1.0,1.0,1.0,1.0,0.0,1.0,0.0,1.0
1914553,1.0,1.0,1.0,1.0,1.0,1.0,1.0,1.0,1.0,1.0
1059101,1.0,1.0,0.0,1.0,1.0,1.0,1.0,1.0,1.0,0.0
2297698,1.0,1.0,1.0,1.0,1.0,1.0,1.0,1.0,0.0,1.0
1988492,1.0,0.0,1.0,1.0,1.0,1.0,1.0,1.0,1.0,1.0
974375,1.0,1.0,1.0,0.0,1.0,1.0,1.0,1.0,0.0,1.0
778615,1.0,1.0,1.0,1.0,0.0,1.0,1.0,1.0,0.0,0.0
1423956,1.0,1.0,1.0,1.0,1.0,1.0,1.0,1.0,1.0,1.0
1949876,1.0,1.0,1.0,1.0,1.0,1.0,1.0,1.0,0.0,1.0
2070937,1.0,0.0,1.0,1.0,1.0,1.0,0.0,0.0,1.0,1.0
306466,1.0,0.0,0.0,1.0,1.0,1.0,1.0,0.0,1.0,1.0
1197493,1.0,0.0,1.0,1.0,0.0,0.0,0.0,0.0,0.0,0.0
845991,1.0,1.0,1.0,1.0,0.0,1.0,1.0,1.0,1.0,0.0
738437,1.0,1.0,1.0,1.0,1.0,1.0,1.0,1.0,1.0,1.0
1127117,1.0,1.0,1.0,1.0,1.0,1.0,1.0,1.0,1.0,1.0
1460630,1.0,1.0,1.0,1.0,1.0,1.0,1.0,1.0,1.0,1.0
2320697,1.0,0.0,1.0,1.0,1.0,1.0,1.0,1.0,1.0,1.0
642551,1.0,1.0,1.0,1.0,1.0,1.0,0.0,1.0,0.0,1.0
1751103,1.0,0.0,1.0,1.0,1.0,1.0,1.0,0.0,0.0,1.0
1352747,1.0,1.0,1.0,1.0,1.0,1.0,1.0,0.0,1.0,1.0
1648316,0.0,0.0,0.0,1.0,1.0,1.0,1.0,1.0,1.0,0.0
2637187,1.0,0.0,1.0,1.0,0.0,1.0,1.0,1.0,1.0,1.0
388472,1.0,1.0,1.0,1.0,1.0,1.0,1.0,1.0,0.0,1.0
2268573,0.0,0.0,0.0,1.0,0.0,0.0,1.0,0.0,1.0,1.0
1907843,1.0,1.0,1.0,1.0,1.0,1.0,1.0,1.0,1.0,1.0
1967145,1.0,1.0,1.0,1.0,1.0,1.0,1.0,1.0,1.0,1.0
652324,1.0,1.0,1.0,1.0,1.0,1.0,1.0,1.0,0.0,1.0
2228502,1.0,1.0,1.0,1.0,0.0,1.0,1.0,1.0,0.0,1.0
1403217,1.0,1.0,1.0,1.0,1.0,1.0,1.0,0.0,1.0,0.0
926173,1.0,1.0,1.0,1.0,0.0,1.0,0.0,1.0,1.0,1.0
2452367,1.0,1.0,1.0,0.0,1.0,1.0,1.0,1.0,1.0,1.0
2045949,1.0,1.0,1.0,1.0,1.0,1.0,1.0,1.0,1.0,1.0
1726499,1.0,1.0,1.0,1.0,0.0,1.0,1.0,1.0,1.0,1.0
1365790,1.0,0.0,0.0,1.0,1.0,1.0,1.0,1.0,1.0,1.0
2071210,1.0,1.0,1.0,1.0,0.0,0.0,1.0,1.0,1.0,1.0
172217,1.0,1.0,1.0,1.0,1.0,1.0,1.0,1.0,1.0,1.0
272845,1.0,0.0,1.0,0.0,1.0,1.0,0.0,0.0,0.0,1.0
417641,1.0,1.0,1.0,1.0,0.0,1.0,1.0,1.0,1.0,1.0
1992636,1.0,1.0,1.0,1.0,1.0,1.0,1.0,1.0,1.0,1.0
349572,1.0,1.0,1.0,1.0,1.0,1.0,1.0,1.0,0.0,1.0
1763064,1.0,0.0,0.0,1.0,0.0,1.0,0.0,1.0,0.0,1.0
415641,1.0,0.0,1.0,1.0,1.0,1.0,1.0,1.0,1.0,1.0
155620,1.0,1.0,0.0,1.0,1.0,1.0,1.0,1.0,1.0,1.0
807551,1.0,1.0,1.0,1.0,1.0,1.0,1.0,1.0,0.0,1.0
1845777,1.0,1.0,1.0,1.0,1.0,1.0,1.0,1.0,1.0,1.0
454519,1.0,1.0,1.0,1.0,0.0,1.0,1.0,1.0,1.0,1.0
1255703,1.0,1.0,1.0,1.0,1.0,1.0,1.0,1.0,1.0,1.0
779144,1.0,1.0,1.0,1.0,1.0,1.0,1.0,1.0,1.0,0.0
1895929,1.0,1.0,0.0,1.0,0.0,1.0,1.0,0.0,1.0,0.0
2600558,1.0,1.0,1.0,1.0,1.0,1.0,1.0,1.0,0.0,1.0
2615549,1.0,0.0,0.0,1.0,1.0,1.0,1.0,0.0,1.0,1.0
2124083,1.0,1.0,1.0,1.0,1.0,1.0,1.0,1.0,1.0,1.0
1979820,1.0,0.0,0.0,1.0,0.0,1.0,1.0,1.0,0.0,0.0
1713608,1.0,1.0,1.0,1.0,1.0,1.0,1.0,1.0,1.0,1.0
136867,1.0,1.0,1.0,1.0,1.0,1.0,1.0,1.0,1.0,0.0
200255,1.0,0.0,0.0,1.0,0.0,1.0,1.0,1.0,1.0,1.0
1836545,1.0,1.0,0.0,1.0,1.0,1.0,1.0,1.0,1.0,1.0
1997474,1.0,1.0,1.0,1.0,1.0,1.0,0.0,1.0,0.0,1.0
206243,1.0,1.0,1.0,1.0,1.0,1.0,1.0,1.0,1.0,1.0
1014889,1.0,1.0,0.0,1.0,1.0,1.0,1.0,1.0,1.0,1.0
1417279,1.0,0.0,1.0,1.0,1.0,1.0,1.0,1.0,1.0,1.0
667145,1.0,0.0,1.0,1.0,1.0,1.0,1.0,1.0,1.0,1.0
1002688,1.0,0.0,1.0,1.0,1.0,1.0,1.0,1.0,1.0,0.0
1166090,0.0,1.0,1.0,0.0,1.0,1.0,1.0,0.0,1.0,1.0
361886,1.0,1.0,1.0,0.0,0.0,1.0,1.0,1.0,1.0,0.0
657521,1.0,1.0,1.0,0.0,1.0,1.0,1.0,1.0,1.0,1.0
948447,1.0,0.0,0.0,1.0,1.0,1.0,1.0,1.0,1.0,1.0
2463759,1.0,1.0,0.0,1.0,1.0,1.0,1.0,1.0,1.0,1.0
517441,1.0,0.0,1.0,1.0,1.0,1.0,1.0,1.0,1.0,1.0
1749706,1.0,1.0,0.0,0.0,1.0,1.0,1.0,1.0,1.0,1.0
1694750,1.0,1.0,0.0,1.0,1.0,1.0,1.0,1.0,1.0,1.0
406365,1.0,0.0,1.0,1.0,1.0,1.0,1.0,1.0,0.0,1.0
237449,1.0,0.0,1.0,1.0,1.0,1.0,1.0,1.0,1.0,0.0
1161915,1.0,1.0,1.0,1.0,1.0,1.0,1.0,1.0,1.0,1.0
569333,1.0,0.0,1.0,1.0,1.0,1.0,1.0,1.0,1.0,0.0
2196426,1.0,1.0,1.0,1.0,1.0,1.0,1.0,1.0,1.0,1.0
1659478,1.0,1.0,1.0,1.0,1.0,1.0,1.0,1.0,0.0,1.0
1523919,1.0,1.0,1.0,1.0,1.0,1.0,1.0,1.0,1.0,1.0
808873,1.0,1.0,1.0,1.0,1.0,1.0,1.0,1.0,1.0,1.0
2472537,1.0,1.0,0.0,1.0,1.0,1.0,1.0,1.0,1.0,1.0
1933447,1.0,1.0,0.0,1.0,1.0,1.0,1.0,0.0,1.0,1.0
38879,1.0,1.0,1.0,1.0,1.0,1.0,1.0,1.0,0.0,1.0
1146000,1.0,0.0,1.0,1.0,1.0,1.0,1.0,0.0,0.0,1.0
2057529,1.0,1.0,1.0,1.0,1.0,1.0,1.0,1.0,1.0,1.0
2490507,1.0,1.0,1.0,1.0,1.0,1.0,1.0,1.0,1.0,1.0
1850091,1.0,1.0,1.0,1.0,1.0,1.0,1.0,1.0,1.0,1.0
2610420,1.0,1.0,1.0,1.0,1.0,1.0,1.0,1.0,1.0,1.0
94821,1.0,0.0,1.0,1.0,1.0,1.0,0.0,1.0,1.0,0.0
1666213,1.0,1.0,1.0,1.0,1.0,1.0,1.0,1.0,1.0,0.0
916708,1.0,1.0,0.0,1.0,1.0,1.0,1.0,1.0,1.0,1.0
2595156,1.0,0.0,1.0,1.0,1.0,1.0,1.0,1.0,1.0,1.0
266172,1.0,0.0,0.0,1.0,1.0,1.0,1.0,1.0,0.0,1.0
1852037,1.0,1.0,1.0,1.0,1.0,1.0,1.0,1.0,1.0,1.0
1042795,1.0,1.0,1.0,1.0,1.0,1.0,1.0,1.0,1.0,1.0
295718,1.0,1.0,0.0,0.0,1.0,1.0,1.0,1.0,1.0,0.0
2497991,1.0,0.0,1.0,1.0,0.0,0.0,1.0,1.0,0.0,1.0
343139,1.0,1.0,1.0,1.0,1.0,1.0,1.0,1.0,0.0,1.0
1477153,1.0,0.0,1.0,1.0,0.0,1.0,1.0,1.0,0.0,0.0
1434637,1.0,0.0,1.0,1.0,1.0,1.0,1.0,1.0,0.0,0.0
779744,1.0,1.0,1.0,1.0,1.0,0.0,1.0,1.0,1.0,1.0
1494552,1.0,1.0,1.0,1.0,1.0,1.0,1.0,1.0,1.0,1.0
1024066,1.0,0.0,1.0,1.0,1.0,1.0,1.0,1.0,1.0,0.0
1684977,1.0,1.0,1.0,1.0,1.0,1.0,1.0,1.0,1.0,1.0
731217,1.0,0.0,1.0,1.0,1.0,1.0,1.0,0.0,1.0,1.0
838669,1.0,0.0,1.0,1.0,1.0,1.0,1.0,1.0,0.0,1.0
1405395,1.0,1.0,1.0,1.0,1.0,1.0,1.0,1.0,1.0,1.0
297100,1.0,1.0,0.0,0.0,1.0,1.0,1.0,1.0,1.0,1.0
1653320,1.0,1.0,1.0,1.0,1.0,1.0,1.0,1.0,1.0,1.0
2565354,1.0,1.0,1.0,1.0,1.0,1.0,1.0,1.0,1.0,1.0
1639792,0.0,1.0,0.0,0.0,0.0,1.0,1.0,0.0,0.0,0.0
2133771,1.0,1.0,0.0,1.0,1.0,1.0,1.0,1.0,0.0,1.0
1948838,1.0,1.0,0.0,1.0,1.0,1.0,0.0,1.0,1.0,0.0
2577882,1.0,0.0,1.0,1.0,1.0,1.0,1.0,0.0,0.0,1.0
1690279,1.0,1.0,1.0,1.0,1.0,1.0,1.0,1.0,0.0,0.0
934993,1.0,1.0,1.0,1.0,1.0,1.0,1.0,1.0,1.0,0.0
2135410,1.0,0.0,1.0,1.0,1.0,0.0,0.0,1.0,1.0,1.0
102383,1.0,1.0,1.0,1.0,1.0,1.0,1.0,1.0,1.0,1.0
252119,1.0,1.0,0.0,1.0,1.0,1.0,1.0,1.0,1.0,1.0
461110,1.0,0.0,1.0,1.0,1.0,1.0,0.0,1.0,1.0,0.0
1562593,1.0,1.0,1.0,1.0,0.0,1.0,1.0,0.0,1.0,1.0
1109293,1.0,0.0,1.0,0.0,1.0,1.0,1.0,1.0,1.0,1.0
5530,1.0,1.0,1.0,0.0,1.0,1.0,1.0,1.0,1.0,1.0
1661216,1.0,1.0,1.0,1.0,1.0,1.0,1.0,1.0,1.0,1.0
1670302,1.0,1.0,1.0,1.0,1.0,1.0,1.0,1.0,1.0,1.0
2138746,1.0,0.0,1.0,1.0,1.0,1.0,1.0,0.0,1.0,1.0
2647197,1.0,1.0,0.0,1.0,1.0,1.0,1.0,1.0,1.0,1.0
1230594,1.0,1.0,0.0,1.0,0.0,0.0,1.0,1.0,1.0,1.0
1041130,1.0,0.0,1.0,1.0,1.0,1.0,1.0,1.0,0.0,1.0
4421,1.0,1.0,1.0,1.0,1.0,1.0,1.0,1.0,1.0,1.0
2136912,1.0,1.0,1.0,0.0,1.0,1.0,1.0,0.0,0.0,1.0
70893,1.0,0.0,1.0,1.0,0.0,1.0,1.0,1.0,1.0,1.0
2458825,1.0,1.0,1.0,1.0,1.0,1.0,1.0,1.0,1.0,1.0
323253,1.0,1.0,1.0,1.0,1.0,1.0,1.0,1.0,0.0,1.0
993550,1.0,1.0,1.0,0.0,0.0,1.0,1.0,1.0,1.0,1.0
1239121,1.0,0.0,1.0,0.0,0.0,1.0,1.0,0.0,1.0,0.0
922511,1.0,0.0,1.0,1.0,1.0,1.0,1.0,0.0,1.0,1.0
334185,1.0,0.0,1.0,1.0,1.0,1.0,1.0,1.0,1.0,1.0
371300,1.0,1.0,0.0,0.0,0.0,1.0,1.0,0.0,1.0,1.0
1486956,1.0,0.0,1.0,1.0,1.0,1.0,1.0,0.0,1.0,1.0
775020,1.0,1.0,0.0,1.0,1.0,1.0,1.0,1.0,1.0,1.0
2030523,1.0,1.0,1.0,1.0,1.0,1.0,1.0,1.0,1.0,0.0
689488,1.0,1.0,1.0,1.0,0.0,1.0,1.0,0.0,0.0,1.0
1672832,1.0,1.0,0.0,1.0,0.0,1.0,1.0,1.0,1.0,1.0
2533480,0.0,1.0,1.0,1.0,1.0,0.0,1.0,1.0,1.0,1.0
531117,1.0,1.0,1.0,1.0,1.0,1.0,1.0,1.0,1.0,1.0
43816,0.0,0.0,0.0,0.0,0.0,1.0,1.0,0.0,1.0,0.0
2593441,1.0,0.0,1.0,1.0,0.0,1.0,1.0,0.0,0.0,0.0
491769,1.0,0.0,1.0,1.0,0.0,1.0,1.0,0.0,0.0,0.0
1590157,1.0,0.0,1.0,1.0,1.0,1.0,1.0,1.0,1.0,0.0
815953,1.0,0.0,1.0,1.0,1.0,1.0,1.0,1.0,0.0,1.0
1904865,1.0,1.0,1.0,1.0,1.0,1.0,1.0,1.0,0.0,1.0
332698,1.0,1.0,1.0,1.0,1.0,1.0,1.0,1.0,1.0,0.0
752619,1.0,0.0,0.0,1.0,1.0,1.0,1.0,1.0,1.0,0.0
2512814,1.0,1.0,1.0,1.0,1.0,1.0,1.0,1.0,1.0,1.0
458017,1.0,1.0,1.0,1.0,1.0,1.0,1.0,1.0,1.0,1.0
1726438,1.0,1.0,1.0,1.0,1.0,1.0,1.0,1.0,0.0,1.0
39297,1.0,0.0,1.0,1.0,1.0,1.0,0.0,1.0,1.0,1.0
1256752,1.0,1.0,1.0,1.0,1.0,0.0,1.0,1.0,1.0,1.0
345704,1.0,0.0,1.0,1.0,0.0,1.0,1.0,1.0,0.0,0.0
346189,1.0,1.0,1.0,0.0,0.0,1.0,1.0,1.0,0.0,1.0
639194,1.0,0.0,1.0,1.0,0.0,1.0,1.0,1.0,1.0,1.0
1599231,1.0,1.0,1.0,1.0,0.0,1.0,1.0,0.0,1.0,1.0
1703742,1.0,1.0,1.0,1.0,1.0,1.0,1.0,1.0,1.0,1.0
178860,1.0,1.0,1.0,1.0,1.0,1.0,1.0,1.0,1.0,1.0
1250515,1.0,1.0,1.0,1.0,1.0,1.0,0.0,1.0,1.0,0.0
199769,1.0,0.0,0.0,1.0,1.0,1.0,1.0,1.0,1.0,0.0
659285,1.0,1.0,1.0,1.0,1.0,1.0,1.0,1.0,1.0,1.0
2389367,1.0,1.0,0.0,1.0,0.0,1.0,0.0,1.0,1.0,1.0
271346,1.0,1.0,0.0,1.0,1.0,0.0,0.0,1.0,1.0,1.0
652592,1.0,1.0,1.0,0.0,1.0,1.0,1.0,1.0,1.0,1.0
779635,1.0,1.0,1.0,1.0,1.0,1.0,1.0,1.0,1.0,1.0
273019,1.0,1.0,1.0,1.0,1.0,1.0,1.0,0.0,0.0,1.0
1766112,1.0,0.0,1.0,1.0,1.0,0.0,1.0,1.0,0.0,1.0
460980,0.0,1.0,1.0,1.0,1.0,1.0,1.0,1.0,1.0,0.0
558634,1.0,1.0,1.0,1.0,1.0,1.0,1.0,1.0,1.0,1.0
1880766,1.0,1.0,1.0,1.0,1.0,1.0,1.0,1.0,0.0,1.0
1010489,1.0,1.0,1.0,1.0,1.0,1.0,1.0,1.0,1.0,1.0
1707646,1.0,1.0,1.0,1.0,1.0,1.0,1.0,1.0,1.0,1.0
1370666,1.0,0.0,0.0,1.0,1.0,1.0,0.0,1.0,1.0,1.0
1232194,1.0,1.0,1.0,1.0,1.0,1.0,1.0,1.0,0.0,1.0
2487603,1.0,1.0,1.0,1.0,1.0,1.0,1.0,1.0,1.0,1.0
1011888,1.0,1.0,1.0,1.0,1.0,1.0,1.0,1.0,1.0,1.0
2420298,1.0,0.0,0.0,1.0,1.0,1.0,1.0,1.0,1.0,0.0
210185,1.0,1.0,1.0,0.0,1.0,0.0,1.0,1.0,1.0,1.0
1282557,1.0,1.0,1.0,1.0,1.0,1.0,1.0,1.0,1.0,1.0
2085981,1.0,1.0,1.0,1.0,1.0,1.0,1.0,1.0,1.0,1.0
453239,1.0,1.0,1.0,1.0,1.0,1.0,1.0,1.0,1.0,1.0
408645,1.0,1.0,1.0,1.0,1.0,0.0,1.0,1.0,1.0,1.0
1470890,1.0,0.0,0.0,0.0,1.0,0.0,1.0,0.0,1.0,0.0
2440605,1.0,1.0,1.0,1.0,1.0,1.0,1.0,1.0,1.0,1.0
997772,1.0,1.0,1.0,1.0,1.0,1.0,1.0,0.0,1.0,1.0
383404,0.0,0.0,0.0,1.0,1.0,0.0,1.0,0.0,0.0,0.0
486152,1.0,1.0,1.0,1.0,1.0,1.0,1.0,1.0,0.0,1.0
1773226,1.0,1.0,1.0,1.0,1.0,1.0,1.0,1.0,1.0,1.0
1705134,1.0,0.0,0.0,1.0,1.0,1.0,1.0,1.0,1.0,0.0
156848,0.0,1.0,1.0,1.0,1.0,1.0,0.0,1.0,0.0,1.0
108891,1.0,1.0,0.0,0.0,1.0,1.0,1.0,1.0,0.0,1.0
1518269,1.0,1.0,1.0,1.0,1.0,1.0,1.0,1.0,1.0,0.0
158607,1.0,1.0,0.0,1.0,1.0,1.0,1.0,1.0,1.0,1.0
2529630,0.0,0.0,0.0,1.0,1.0,1.0,0.0,1.0,1.0,0.0
1038880,1.0,0.0,1.0,1.0,1.0,1.0,1.0,1.0,0.0,1.0
1238184,1.0,1.0,1.0,1.0,0.0,1.0,0.0,1.0,1.0,1.0
2602396,1.0,0.0,1.0,0.0,0.0,1.0,1.0,0.0,0.0,1.0
1720041,0.0,1.0,1.0,1.0,1.0,1.0,1.0,1.0,1.0,1.0
2126215,1.0,0.0,1.0,1.0,1.0,1.0,1.0,1.0,1.0,0.0
1371031,1.0,0.0,1.0,1.0,0.0,1.0,1.0,1.0,0.0,1.0
2089599,1.0,0.0,1.0,1.0,1.0,1.0,1.0,1.0,1.0,1.0
1621089,1.0,1.0,0.0,0.0,1.0,1.0,0.0,1.0,0.0,1.0
191902,1.0,0.0,1.0,1.0,1.0,1.0,1.0,1.0,0.0,1.0
1573228,1.0,0.0,0.0,1.0,0.0,1.0,1.0,1.0,1.0,0.0
2341581,1.0,0.0,1.0,1.0,0.0,0.0,1.0,1.0,1.0,1.0
223160,1.0,1.0,1.0,1.0,1.0,1.0,1.0,1.0,0.0,1.0
2060858,1.0,0.0,0.0,1.0,1.0,1.0,1.0,1.0,1.0,0.0
777010,1.0,0.0,1.0,0.0,1.0,0.0,1.0,1.0,1.0,0.0
1316671,1.0,1.0,1.0,1.0,1.0,0.0,0.0,0.0,0.0,0.0
73834,1.0,1.0,1.0,1.0,1.0,1.0,1.0,0.0,1.0,1.0
341814,1.0,0.0,0.0,1.0,1.0,1.0,1.0,1.0,0.0,0.0
199435,1.0,0.0,1.0,1.0,0.0,0.0,1.0,1.0,1.0,1.0
558480,1.0,1.0,1.0,1.0,1.0,1.0,1.0,1.0,1.0,1.0
2483371,1.0,0.0,1.0,1.0,1.0,1.0,0.0,1.0,0.0,1.0
2256731,1.0,0.0,0.0,0.0,1.0,1.0,1.0,1.0,1.0,1.0
1087416,1.0,1.0,1.0,1.0,0.0,1.0,1.0,1.0,0.0,1.0
1850353,1.0,1.0,1.0,1.0,1.0,1.0,1.0,1.0,1.0,1.0
449335,1.0,1.0,1.0,1.0,1.0,1.0,1.0,0.0,1.0,0.0
332300,1.0,0.0,1.0,1.0,1.0,1.0,1.0,0.0,0.0,0.0
221694,1.0,1.0,1.0,1.0,1.0,1.0,1.0,1.0,1.0,0.0
736013,1.0,0.0,0.0,1.0,1.0,1.0,1.0,1.0,1.0,1.0
2090902,1.0,1.0,1.0,1.0,1.0,1.0,1.0,1.0,1.0,1.0
462231,0.0,1.0,1.0,1.0,0.0,1.0,0.0,1.0,1.0,1.0
1862911,1.0,1.0,0.0,0.0,1.0,1.0,1.0,0.0,1.0,1.0
2179550,1.0,0.0,0.0,1.0,0.0,1.0,1.0,1.0,0.0,1.0
1673185,1.0,0.0,0.0,1.0,1.0,1.0,1.0,0.0,1.0,0.0
1766660,1.0,0.0,1.0,1.0,0.0,1.0,1.0,1.0,1.0,1.0
1376322,1.0,1.0,1.0,1.0,1.0,1.0,1.0,1.0,0.0,1.0
1832023,1.0,0.0,0.0,1.0,1.0,1.0,1.0,1.0,1.0,1.0
773040,1.0,1.0,1.0,1.0,1.0,1.0,1.0,1.0,1.0,1.0
1318289,1.0,1.0,1.0,1.0,1.0,1.0,1.0,0.0,1.0,1.0
2521561,1.0,1.0,1.0,1.0,1.0,1.0,1.0,0.0,1.0,0.0
2056875,1.0,0.0,1.0,1.0,0.0,1.0,1.0,1.0,1.0,1.0
308031,1.0,0.0,0.0,1.0,1.0,1.0,1.0,1.0,1.0,1.0
2415382,1.0,1.0,1.0,1.0,0.0,0.0,1.0,1.0,1.0,1.0
458766,1.0,1.0,1.0,1.0,1.0,1.0,1.0,1.0,1.0,1.0
430648,1.0,0.0,1.0,1.0,1.0,1.0,1.0,1.0,0.0,1.0
342510,1.0,1.0,1.0,1.0,1.0,1.0,1.0,0.0,0.0,1.0
665996,1.0,1.0,1.0,1.0,0.0,1.0,1.0,1.0,1.0,1.0
151528,1.0,1.0,1.0,1.0,1.0,1.0,1.0,1.0,1.0,1.0
1279283,0.0,1.0,1.0,1.0,1.0,1.0,1.0,1.0,0.0,1.0
932949,1.0,1.0,0.0,1.0,1.0,1.0,1.0,1.0,1.0,1.0
705714,1.0,0.0,0.0,1.0,0.0,1.0,1.0,0.0,1.0,0.0
391012,0.0,0.0,0.0,1.0,1.0,1.0,1.0,1.0,1.0,1.0
1094019,1.0,1.0,1.0,1.0,1.0,1.0,1.0,1.0,1.0,1.0
395606,1.0,1.0,1.0,1.0,1.0,1.0,1.0,1.0,1.0,1.0
407367,1.0,1.0,1.0,1.0,1.0,1.0,1.0,1.0,1.0,0.0
69801,1.0,1.0,1.0,1.0,1.0,1.0,1.0,1.0,1.0,0.0
2518972,1.0,1.0,1.0,1.0,1.0,1.0,1.0,1.0,1.0,1.0
859826,1.0,1.0,1.0,0.0,1.0,1.0,1.0,0.0,1.0,1.0
520472,1.0,1.0,1.0,1.0,1.0,1.0,1.0,1.0,1.0,1.0
1900854,1.0,1.0,1.0,1.0,1.0,1.0,1.0,1.0,1.0,1.0
751283,1.0,1.0,1.0,1.0,1.0,1.0,1.0,1.0,1.0,1.0
38946,1.0,1.0,1.0,1.0,1.0,1.0,1.0,1.0,1.0,1.0
1485835,1.0,1.0,1.0,1.0,0.0,1.0,1.0,1.0,1.0,0.0
2395020,1.0,1.0,1.0,1.0,1.0,1.0,1.0,1.0,1.0,1.0
1460800,1.0,1.0,1.0,1.0,1.0,1.0,1.0,1.0,1.0,1.0
1116290,0.0,0.0,1.0,0.0,0.0,1.0,1.0,0.0,1.0,0.0
152858,1.0,1.0,1.0,1.0,0.0,1.0,1.0,1.0,0.0,1.0
996461,1.0,1.0,1.0,1.0,0.0,1.0,1.0,1.0,1.0,1.0
1227730,1.0,0.0,1.0,1.0,0.0,1.0,1.0,0.0,0.0,1.0
1983441,1.0,1.0,1.0,1.0,1.0,1.0,1.0,1.0,1.0,1.0
508609,1.0,1.0,1.0,1.0,1.0,0.0,1.0,1.0,1.0,1.0
446469,1.0,1.0,1.0,1.0,1.0,1.0,1.0,1.0,1.0,1.0
7628,1.0,1.0,1.0,1.0,1.0,1.0,1.0,1.0,1.0,1.0
650517,1.0,1.0,1.0,1.0,1.0,1.0,1.0,1.0,0.0,1.0
2413170,1.0,1.0,1.0,1.0,1.0,1.0,1.0,1.0,0.0,1.0
2127755,1.0,1.0,0.0,1.0,0.0,1.0,1.0,1.0,1.0,1.0
1278832,1.0,0.0,1.0,1.0,1.0,1.0,1.0,1.0,1.0,1.0
419598,1.0,1.0,1.0,1.0,1.0,1.0,1.0,1.0,1.0,1.0
1586276,0.0,1.0,1.0,0.0,1.0,1.0,0.0,0.0,1.0,1.0
2216150,1.0,0.0,1.0,1.0,1.0,1.0,0.0,1.0,1.0,1.0
2598028,1.0,1.0,1.0,1.0,1.0,1.0,1.0,1.0,1.0,1.0
1083968,1.0,1.0,1.0,1.0,1.0,1.0,1.0,1.0,1.0,1.0
1044120,1.0,1.0,1.0,1.0,1.0,1.0,1.0,0.0,1.0,1.0
1599243,1.0,0.0,1.0,1.0,0.0,1.0,1.0,1.0,1.0,0.0
603277,1.0,1.0,1.0,1.0,1.0,1.0,1.0,0.0,1.0,1.0
67134,1.0,0.0,1.0,0.0,1.0,1.0,1.0,1.0,1.0,0.0
1364103,1.0,1.0,0.0,1.0,1.0,1.0,1.0,1.0,1.0,1.0
2534367,1.0,0.0,1.0,1.0,1.0,1.0,1.0,1.0,1.0,0.0
535671,1.0,0.0,1.0,1.0,1.0,0.0,1.0,1.0,0.0,0.0
182203,1.0,1.0,1.0,0.0,1.0,1.0,1.0,1.0,1.0,1.0
1087944,1.0,0.0,1.0,1.0,0.0,1.0,0.0,1.0,1.0,1.0
2439493,0.0,1.0,0.0,0.0,0.0,0.0,1.0,1.0,0.0,0.0
1606779,1.0,1.0,1.0,1.0,1.0,1.0,1.0,1.0,1.0,1.0
634388,1.0,1.0,1.0,1.0,1.0,1.0,1.0,1.0,1.0,1.0
442813,1.0,1.0,1.0,1.0,1.0,1.0,1.0,1.0,1.0,1.0
118224,1.0,1.0,1.0,1.0,1.0,1.0,1.0,1.0,1.0,1.0
1338301,1.0,1.0,1.0,1.0,1.0,1.0,1.0,1.0,1.0,0.0
2084049,1.0,1.0,1.0,1.0,0.0,1.0,1.0,1.0,1.0,1.0
1387099,1.0,1.0,1.0,1.0,1.0,1.0,1.0,1.0,1.0,1.0
810392,1.0,1.0,1.0,0.0,1.0,1.0,1.0,1.0,0.0,1.0
949240,1.0,0.0,0.0,1.0,1.0,1.0,1.0,0.0,1.0,1.0
2532783,1.0,1.0,1.0,1.0,1.0,1.0,1.0,1.0,1.0,1.0
313419,1.0,1.0,1.0,1.0,1.0,1.0,1.0,1.0,1.0,1.0
436122,1.0,1.0,0.0,1.0,1.0,1.0,1.0,1.0,1.0,1.0
2004524,1.0,0.0,1.0,0.0,1.0,1.0,1.0,1.0,0.0,1.0
2291535,1.0,1.0,1.0,1.0,1.0,1.0,1.0,1.0,1.0,1.0
1829594,1.0,1.0,1.0,1.0,1.0,1.0,1.0,1.0,1.0,1.0
816213,1.0,0.0,1.0,1.0,1.0,1.0,1.0,1.0,1.0,1.0
489871,1.0,1.0,1.0,1.0,1.0,1.0,1.0,1.0,1.0,1.0
408457,1.0,0.0,1.0,0.0,1.0,1.0,1.0,1.0,1.0,1.0
2484944,0.0,1.0,1.0,1.0,1.0,1.0,1.0,1.0,1.0,1.0
1615548,1.0,0.0,1.0,1.0,1.0,1.0,1.0,1.0,1.0,1.0
1931026,1.0,1.0,1.0,1.0,1.0,1.0,1.0,1.0,1.0,1.0
1203779,1.0,1.0,1.0,0.0,1.0,1.0,1.0,1.0,1.0,1.0
16581,1.0,1.0,1.0,1.0,1.0,1.0,1.0,1.0,1.0,1.0
1414878,1.0,1.0,1.0,1.0,1.0,1.0,1.0,1.0,1.0,1.0
672941,1.0,1.0,1.0,1.0,1.0,1.0,1.0,1.0,1.0,1.0
2026477,1.0,1.0,1.0,1.0,0.0,1.0,1.0,1.0,1.0,0.0
48607,1.0,1.0,1.0,1.0,1.0,1.0,1.0,1.0,0.0,1.0
937905,1.0,1.0,1.0,1.0,1.0,1.0,1.0,1.0,1.0,1.0
1685077,1.0,1.0,1.0,1.0,0.0,1.0,1.0,1.0,1.0,1.0
1320587,1.0,1.0,1.0,1.0,1.0,1.0,1.0,1.0,1.0,1.0
1726869,1.0,1.0,1.0,1.0,1.0,1.0,1.0,1.0,0.0,1.0
2398295,1.0,0.0,0.0,1.0,1.0,1.0,1.0,1.0,1.0,1.0
2225743,1.0,1.0,1.0,1.0,0.0,1.0,1.0,0.0,1.0,1.0
1909214,1.0,1.0,0.0,1.0,1.0,1.0,1.0,1.0,0.0,1.0
611049,1.0,1.0,1.0,1.0,1.0,1.0,1.0,1.0,1.0,1.0
2401136,1.0,1.0,0.0,1.0,1.0,1.0,1.0,1.0,1.0,1.0
1466382,0.0,1.0,0.0,1.0,1.0,1.0,1.0,1.0,0.0,1.0
2569369,1.0,1.0,1.0,1.0,1.0,1.0,1.0,1.0,0.0,1.0
932047,1.0,1.0,1.0,1.0,1.0,1.0,1.0,1.0,1.0,0.0
312937,1.0,1.0,1.0,1.0,0.0,1.0,1.0,1.0,1.0,1.0
694692,1.0,1.0,0.0,1.0,0.0,1.0,1.0,0.0,1.0,1.0
49355,0.0,1.0,1.0,1.0,1.0,1.0,0.0,1.0,0.0,1.0
495388,1.0,1.0,1.0,1.0,1.0,1.0,1.0,1.0,1.0,1.0
1373027,1.0,1.0,1.0,1.0,1.0,1.0,1.0,1.0,1.0,1.0
1026933,1.0,1.0,1.0,1.0,1.0,1.0,1.0,1.0,1.0,1.0
933837,1.0,1.0,1.0,1.0,0.0,1.0,1.0,1.0,1.0,0.0
2267514,1.0,1.0,1.0,1.0,1.0,1.0,1.0,0.0,0.0,1.0
1961619,1.0,1.0,1.0,1.0,0.0,1.0,1.0,1.0,1.0,1.0
1818059,0.0,1.0,1.0,1.0,1.0,1.0,1.0,1.0,0.0,1.0
1610877,1.0,1.0,1.0,1.0,1.0,1.0,1.0,0.0,1.0,1.0
1710306,1.0,1.0,1.0,1.0,1.0,1.0,1.0,0.0,1.0,1.0
698438,1.0,1.0,1.0,1.0,1.0,1.0,1.0,1.0,0.0,1.0
965104,1.0,1.0,1.0,1.0,0.0,1.0,1.0,1.0,1.0,0.0
2409465,1.0,0.0,0.0,1.0,1.0,1.0,1.0,1.0,1.0,1.0
603543,1.0,0.0,1.0,0.0,1.0,1.0,1.0,1.0,0.0,1.0
1646383,1.0,1.0,1.0,1.0,1.0,1.0,1.0,1.0,1.0,1.0
115507,1.0,0.0,1.0,1.0,1.0,1.0,1.0,1.0,1.0,1.0
827459,1.0,1.0,1.0,1.0,1.0,1.0,0.0,1.0,1.0,1.0
408765,1.0,1.0,1.0,1.0,1.0,0.0,1.0,1.0,1.0,1.0
308487,1.0,1.0,1.0,1.0,1.0,1.0,1.0,1.0,1.0,1.0
2287836,0.0,0.0,0.0,1.0,1.0,0.0,1.0,1.0,1.0,1.0
1008085,1.0,0.0,0.0,1.0,1.0,1.0,1.0,0.0,1.0,0.0
813213,1.0,1.0,1.0,1.0,1.0,1.0,1.0,1.0,1.0,1.0
1656130,1.0,0.0,1.0,1.0,1.0,1.0,1.0,1.0,1.0,1.0
674963,0.0,0.0,1.0,1.0,1.0,1.0,1.0,1.0,0.0,1.0
1877143,0.0,0.0,0.0,1.0,1.0,1.0,0.0,1.0,1.0,0.0
2469190,1.0,1.0,1.0,1.0,1.0,1.0,1.0,0.0,1.0,0.0
638020,1.0,1.0,1.0,1.0,1.0,1.0,1.0,1.0,1.0,0.0
1348456,0.0,0.0,1.0,0.0,1.0,1.0,1.0,1.0,0.0,0.0
1137886,1.0,1.0,1.0,1.0,1.0,1.0,1.0,1.0,1.0,1.0
1055451,1.0,0.0,0.0,0.0,0.0,1.0,1.0,0.0,1.0,1.0
2340654,1.0,1.0,1.0,1.0,1.0,1.0,1.0,1.0,1.0,1.0
263291,1.0,1.0,1.0,1.0,1.0,1.0,0.0,1.0,1.0,1.0
100712,1.0,0.0,1.0,1.0,1.0,1.0,1.0,0.0,0.0,1.0
1926431,0.0,1.0,1.0,1.0,1.0,1.0,1.0,1.0,1.0,0.0
663118,1.0,1.0,0.0,0.0,1.0,1.0,1.0,0.0,1.0,0.0
1300687,1.0,1.0,1.0,1.0,1.0,1.0,1.0,0.0,1.0,1.0
2520364,1.0,1.0,1.0,1.0,1.0,1.0,1.0,1.0,0.0,1.0
139212,1.0,1.0,0.0,1.0,0.0,0.0,0.0,1.0,0.0,1.0
21705,1.0,0.0,1.0,1.0,0.0,1.0,0.0,1.0,1.0,1.0
1441961,1.0,1.0,1.0,1.0,1.0,1.0,1.0,1.0,1.0,1.0
1250320,1.0,1.0,1.0,1.0,1.0,1.0,1.0,1.0,1.0,1.0
1460561,1.0,1.0,1.0,1.0,1.0,1.0,1.0,1.0,1.0,1.0
872591,1.0,1.0,0.0,1.0,1.0,1.0,1.0,0.0,0.0,1.0
2511730,1.0,1.0,1.0,1.0,1.0,1.0,1.0,0.0,0.0,0.0
2508958,1.0,1.0,1.0,1.0,1.0,1.0,1.0,1.0,0.0,1.0
1693179,1.0,1.0,1.0,1.0,1.0,1.0,1.0,1.0,1.0,1.0
2102700,1.0,1.0,1.0,1.0,1.0,0.0,1.0,1.0,0.0,1.0
653174,1.0,1.0,1.0,1.0,1.0,1.0,1.0,1.0,1.0,1.0
2582552,1.0,1.0,0.0,1.0,0.0,0.0,1.0,1.0,1.0,1.0
2370740,1.0,1.0,0.0,1.0,1.0,1.0,1.0,1.0,1.0,1.0
2074458,1.0,1.0,1.0,1.0,0.0,1.0,1.0,0.0,0.0,1.0
876510,1.0,1.0,1.0,1.0,1.0,1.0,1.0,1.0,1.0,1.0
888326,1.0,0.0,1.0,1.0,0.0,1.0,1.0,1.0,0.0,1.0
2593402,1.0,1.0,1.0,1.0,1.0,1.0,1.0,1.0,1.0,1.0
1109861,1.0,0.0,1.0,1.0,1.0,1.0,1.0,1.0,0.0,1.0
651376,1.0,1.0,0.0,1.0,1.0,1.0,1.0,1.0,0.0,1.0
1220170,0.0,1.0,1.0,1.0,1.0,1.0,1.0,1.0,0.0,1.0
1603364,1.0,1.0,1.0,1.0,1.0,1.0,1.0,1.0,0.0,1.0
2219287,1.0,1.0,0.0,1.0,1.0,1.0,1.0,1.0,1.0,1.0
2119007,1.0,1.0,1.0,1.0,1.0,1.0,1.0,1.0,1.0,0.0
1242044,0.0,0.0,1.0,1.0,1.0,1.0,1.0,0.0,0.0,1.0
1376939,1.0,1.0,1.0,1.0,1.0,1.0,1.0,1.0,1.0,1.0
383702,1.0,1.0,1.0,1.0,1.0,1.0,1.0,1.0,0.0,1.0
271355,0.0,1.0,1.0,0.0,0.0,1.0,1.0,1.0,0.0,1.0
442234,1.0,1.0,1.0,1.0,0.0,1.0,1.0,0.0,1.0,1.0
452299,1.0,1.0,0.0,0.0,0.0,1.0,1.0,1.0,0.0,1.0
798296,1.0,0.0,1.0,1.0,0.0,0.0,1.0,0.0,1.0,0.0
1114339,1.0,0.0,1.0,1.0,1.0,1.0,1.0,1.0,1.0,0.0
2048686,1.0,0.0,1.0,1.0,1.0,1.0,1.0,1.0,1.0,1.0
1026298,1.0,0.0,1.0,1.0,1.0,1.0,1.0,1.0,1.0,1.0
2038372,1.0,0.0,0.0,0.0,1.0,1.0,0.0,1.0,0.0,1.0
1782185,1.0,1.0,1.0,0.0,1.0,1.0,1.0,0.0,1.0,1.0
2573015,1.0,1.0,1.0,1.0,1.0,1.0,1.0,1.0,1.0,1.0
638279,1.0,1.0,1.0,1.0,1.0,1.0,1.0,1.0,1.0,1.0
1926651,1.0,0.0,0.0,1.0,1.0,1.0,1.0,1.0,0.0,0.0
1553965,0.0,0.0,0.0,1.0,1.0,1.0,1.0,1.0,1.0,1.0
1162007,1.0,1.0,1.0,1.0,1.0,1.0,1.0,1.0,1.0,1.0
919719,1.0,1.0,1.0,1.0,0.0,1.0,1.0,1.0,1.0,1.0
2444438,1.0,1.0,1.0,1.0,0.0,0.0,1.0,1.0,1.0,1.0
75976,1.0,0.0,0.0,1.0,1.0,1.0,1.0,1.0,0.0,1.0
1797525,1.0,1.0,1.0,1.0,1.0,1.0,1.0,1.0,1.0,1.0
1212585,1.0,0.0,1.0,1.0,1.0,1.0,1.0,1.0,1.0,1.0
2509048,1.0,1.0,1.0,1.0,0.0,1.0,1.0,1.0,1.0,1.0
168892,1.0,0.0,1.0,0.0,1.0,1.0,1.0,1.0,0.0,1.0
520286,1.0,1.0,1.0,1.0,0.0,1.0,1.0,1.0,1.0,1.0
2319026,0.0,0.0,0.0,1.0,1.0,1.0,1.0,1.0,1.0,1.0
237585,1.0,1.0,1.0,1.0,1.0,1.0,1.0,1.0,0.0,0.0
817464,1.0,1.0,1.0,1.0,1.0,1.0,0.0,1.0,1.0,1.0
256465,1.0,1.0,1.0,1.0,1.0,1.0,1.0,1.0,0.0,1.0
2398509,1.0,1.0,1.0,1.0,1.0,1.0,1.0,1.0,1.0,1.0
1876156,1.0,1.0,1.0,1.0,1.0,1.0,1.0,1.0,1.0,1.0
1151461,0.0,1.0,1.0,1.0,1.0,1.0,1.0,1.0,0.0,1.0
900455,1.0,1.0,1.0,1.0,1.0,1.0,1.0,0.0,0.0,1.0
2318762,1.0,1.0,0.0,1.0,0.0,1.0,1.0,1.0,1.0,0.0
1602339,1.0,1.0,1.0,1.0,1.0,1.0,1.0,1.0,1.0,1.0
1692249,1.0,1.0,1.0,1.0,1.0,1.0,1.0,1.0,1.0,1.0
1985504,1.0,1.0,1.0,1.0,1.0,1.0,1.0,1.0,1.0,1.0
1984978,1.0,1.0,0.0,1.0,1.0,0.0,1.0,0.0,0.0,1.0
2455281,1.0,0.0,0.0,1.0,0.0,1.0,1.0,0.0,1.0,1.0
1090296,1.0,0.0,0.0,1.0,1.0,0.0,1.0,1.0,0.0,1.0
2474624,1.0,1.0,1.0,1.0,0.0,1.0,1.0,1.0,0.0,1.0
1727531,1.0,0.0,1.0,0.0,1.0,0.0,1.0,1.0,0.0,0.0
375341,1.0,1.0,1.0,1.0,1.0,1.0,1.0,1.0,0.0,1.0
1920565,0.0,1.0,0.0,1.0,0.0,1.0,1.0,1.0,1.0,0.0
917857,1.0,1.0,1.0,1.0,1.0,1.0,0.0,1.0,1.0,0.0
68297,1.0,1.0,1.0,1.0,1.0,1.0,1.0,1.0,1.0,1.0
2290732,1.0,1.0,0.0,1.0,1.0,1.0,1.0,1.0,1.0,1.0
991649,1.0,1.0,1.0,1.0,0.0,1.0,1.0,1.0,1.0,1.0
2399157,1.0,0.0,1.0,1.0,1.0,1.0,1.0,1.0,1.0,1.0
2057826,1.0,1.0,1.0,1.0,1.0,1.0,1.0,1.0,1.0,1.0
371701,0.0,1.0,1.0,0.0,1.0,1.0,1.0,1.0,1.0,1.0
2378918,1.0,1.0,1.0,1.0,1.0,1.0,1.0,1.0,1.0,1.0
1729139,1.0,1.0,1.0,1.0,1.0,1.0,1.0,1.0,1.0,1.0
599145,1.0,0.0,0.0,1.0,1.0,1.0,0.0,1.0,0.0,1.0
230112,1.0,0.0,0.0,1.0,1.0,0.0,1.0,0.0,0.0,1.0
2061360,1.0,1.0,1.0,1.0,1.0,1.0,0.0,1.0,1.0,1.0
2457720,1.0,1.0,1.0,1.0,1.0,1.0,1.0,1.0,1.0,1.0
1214543,1.0,0.0,1.0,1.0,1.0,0.0,0.0,1.0,1.0,1.0
752642,1.0,1.0,1.0,1.0,0.0,1.0,0.0,1.0,1.0,1.0
1132514,1.0,1.0,0.0,1.0,1.0,1.0,1.0,1.0,0.0,1.0
2597802,0.0,1.0,1.0,1.0,0.0,1.0,1.0,0.0,0.0,1.0
2376375,1.0,1.0,1.0,1.0,1.0,1.0,1.0,1.0,1.0,1.0
2368686,1.0,1.0,1.0,1.0,0.0,1.0,1.0,1.0,0.0,0.0
1764923,1.0,1.0,1.0,1.0,1.0,0.0,1.0,1.0,1.0,1.0
1631281,1.0,1.0,1.0,1.0,1.0,1.0,1.0,0.0,1.0,1.0
979363,1.0,1.0,1.0,1.0,0.0,1.0,1.0,1.0,1.0,1.0
2532654,1.0,1.0,1.0,1.0,1.0,1.0,1.0,1.0,1.0,1.0
13891,1.0,1.0,1.0,1.0,0.0,1.0,1.0,0.0,1.0,1.0
1150705,1.0,1.0,1.0,1.0,1.0,1.0,1.0,1.0,1.0,1.0
799542,1.0,1.0,1.0,1.0,1.0,1.0,1.0,1.0,0.0,0.0
2481491,1.0,0.0,0.0,1.0,1.0,1.0,1.0,1.0,0.0,1.0
847313,1.0,1.0,0.0,1.0,1.0,1.0,1.0,0.0,1.0,0.0
591288,1.0,1.0,1.0,1.0,1.0,1.0,1.0,1.0,1.0,1.0
388514,1.0,1.0,1.0,1.0,1.0,1.0,1.0,1.0,0.0,1.0
1880039,1.0,0.0,0.0,1.0,1.0,0.0,1.0,1.0,0.0,1.0
1215709,1.0,1.0,1.0,0.0,1.0,1.0,1.0,0.0,1.0,0.0
1258738,1.0,1.0,1.0,1.0,1.0,1.0,1.0,1.0,1.0,0.0
896339,1.0,1.0,1.0,1.0,1.0,1.0,1.0,1.0,1.0,1.0
315833,1.0,1.0,1.0,1.0,1.0,1.0,1.0,1.0,1.0,1.0
2466682,1.0,1.0,1.0,1.0,1.0,1.0,1.0,1.0,1.0,1.0
1266589,1.0,1.0,1.0,1.0,1.0,1.0,1.0,1.0,1.0,1.0
860520,1.0,1.0,1.0,1.0,0.0,1.0,1.0,1.0,1.0,1.0
1668072,1.0,1.0,1.0,1.0,1.0,1.0,1.0,1.0,1.0,1.0
1090765,1.0,1.0,1.0,1.0,1.0,1.0,1.0,1.0,1.0,1.0
1993796,1.0,0.0,1.0,0.0,1.0,1.0,1.0,1.0,1.0,1.0
2446249,1.0,1.0,1.0,1.0,0.0,1.0,1.0,1.0,0.0,1.0
1582952,1.0,0.0,1.0,1.0,1.0,1.0,1.0,1.0,1.0,1.0
2232041,1.0,0.0,0.0,1.0,1.0,1.0,1.0,1.0,1.0,0.0
2121379,1.0,1.0,1.0,1.0,1.0,1.0,1.0,1.0,1.0,1.0
548581,1.0,1.0,1.0,1.0,1.0,1.0,1.0,1.0,1.0,1.0
754884,1.0,1.0,1.0,1.0,1.0,1.0,1.0,1.0,1.0,1.0
257923,1.0,1.0,1.0,1.0,1.0,1.0,1.0,1.0,1.0,1.0
200427,1.0,1.0,1.0,1.0,1.0,1.0,1.0,1.0,1.0,1.0
399971,1.0,0.0,1.0,1.0,1.0,1.0,1.0,1.0,1.0,1.0
75384,1.0,1.0,1.0,1.0,1.0,0.0,0.0,1.0,1.0,1.0
455962,1.0,1.0,0.0,1.0,1.0,1.0,1.0,1.0,1.0,1.0
654401,1.0,1.0,1.0,1.0,1.0,1.0,1.0,1.0,1.0,1.0
954742,1.0,1.0,1.0,1.0,1.0,1.0,1.0,1.0,1.0,1.0
1383836,1.0,1.0,1.0,1.0,0.0,1.0,1.0,1.0,1.0,1.0
2128440,1.0,1.0,1.0,1.0,1.0,1.0,1.0,1.0,1.0,1.0
1615850,1.0,1.0,1.0,1.0,1.0,1.0,1.0,1.0,1.0,1.0
2244589,1.0,1.0,1.0,1.0,0.0,1.0,1.0,1.0,0.0,0.0
829101,1.0,1.0,1.0,1.0,0.0,1.0,1.0,1.0,0.0,1.0
1275094,1.0,1.0,1.0,1.0,1.0,1.0,1.0,1.0,1.0,1.0
1837202,1.0,1.0,1.0,1.0,1.0,1.0,1.0,1.0,1.0,1.0
858814,1.0,1.0,1.0,1.0,1.0,1.0,1.0,1.0,1.0,1.0
2392051,1.0,1.0,1.0,1.0,1.0,1.0,1.0,1.0,1.0,1.0
908205,1.0,0.0,1.0,1.0,0.0,1.0,1.0,1.0,1.0,0.0
2102030,1.0,0.0,1.0,1.0,1.0,1.0,1.0,1.0,1.0,1.0
483981,1.0,1.0,1.0,1.0,1.0,1.0,1.0,1.0,0.0,1.0
1275794,1.0,1.0,1.0,1.0,1.0,1.0,1.0,1.0,1.0,1.0
324115,1.0,1.0,1.0,1.0,0.0,0.0,1.0,1.0,1.0,1.0
1246893,1.0,1.0,1.0,1.0,1.0,1.0,1.0,1.0,0.0,1.0
1954340,1.0,0.0,0.0,1.0,1.0,1.0,1.0,1.0,1.0,1.0
1028463,1.0,1.0,1.0,1.0,1.0,1.0,1.0,1.0,1.0,1.0
521153,1.0,0.0,1.0,1.0,1.0,1.0,1.0,1.0,1.0,1.0
1567970,1.0,1.0,1.0,1.0,1.0,1.0,1.0,1.0,0.0,1.0
2434632,0.0,1.0,1.0,0.0,1.0,1.0,1.0,1.0,1.0,0.0
1482921,1.0,1.0,1.0,1.0,1.0,1.0,1.0,1.0,1.0,1.0
752853,1.0,1.0,1.0,1.0,1.0,1.0,1.0,1.0,0.0,1.0
1340377,1.0,1.0,0.0,1.0,1.0,1.0,1.0,0.0,0.0,0.0
16272,1.0,1.0,1.0,1.0,1.0,1.0,1.0,1.0,1.0,0.0
1724291,1.0,1.0,1.0,1.0,1.0,1.0,1.0,1.0,1.0,0.0
390912,1.0,1.0,1.0,1.0,1.0,0.0,1.0,1.0,1.0,1.0
125296,1.0,1.0,1.0,1.0,0.0,1.0,0.0,1.0,1.0,1.0
1616870,0.0,1.0,0.0,1.0,1.0,1.0,1.0,1.0,1.0,1.0
831790,1.0,0.0,1.0,1.0,1.0,1.0,1.0,1.0,1.0,0.0
48657,1.0,0.0,1.0,0.0,1.0,0.0,1.0,1.0,0.0,1.0
878073,1.0,1.0,1.0,1.0,1.0,1.0,1.0,1.0,1.0,1.0
1538119,1.0,1.0,1.0,1.0,1.0,1.0,1.0,1.0,1.0,1.0
1437853,1.0,1.0,1.0,1.0,1.0,1.0,1.0,1.0,1.0,1.0
1505821,1.0,1.0,1.0,1.0,1.0,1.0,1.0,1.0,1.0,1.0
2588107,1.0,1.0,1.0,1.0,1.0,1.0,1.0,1.0,1.0,1.0
2370879,1.0,1.0,0.0,1.0,1.0,1.0,1.0,1.0,1.0,1.0
360830,0.0,0.0,0.0,1.0,1.0,1.0,1.0,1.0,0.0,1.0
553115,1.0,1.0,0.0,1.0,1.0,1.0,1.0,1.0,1.0,1.0
1401726,1.0,1.0,1.0,1.0,1.0,1.0,1.0,1.0,1.0,1.0
151004,1.0,1.0,1.0,1.0,1.0,1.0,1.0,1.0,1.0,1.0
2049734,1.0,1.0,1.0,1.0,1.0,1.0,1.0,1.0,1.0,1.0
838130,1.0,1.0,1.0,1.0,1.0,1.0,1.0,1.0,1.0,1.0
1483664,1.0,1.0,1.0,0.0,1.0,1.0,1.0,1.0,1.0,1.0
684531,1.0,1.0,0.0,1.0,0.0,1.0,1.0,1.0,1.0,1.0
1211016,1.0,1.0,1.0,1.0,1.0,1.0,1.0,1.0,1.0,1.0
34669,1.0,1.0,1.0,1.0,1.0,1.0,1.0,1.0,1.0,1.0
2152576,1.0,1.0,1.0,1.0,1.0,1.0,1.0,1.0,1.0,1.0
517392,1.0,1.0,1.0,1.0,1.0,1.0,1.0,1.0,0.0,1.0
1068610,1.0,1.0,1.0,1.0,1.0,1.0,1.0,1.0,1.0,1.0
862596,1.0,1.0,1.0,0.0,1.0,1.0,1.0,1.0,1.0,1.0
2540684,1.0,1.0,1.0,1.0,1.0,1.0,1.0,1.0,1.0,1.0
768724,1.0,1.0,1.0,1.0,1.0,1.0,1.0,1.0,1.0,1.0
403915,1.0,1.0,1.0,1.0,1.0,1.0,1.0,1.0,1.0,1.0
2604976,0.0,0.0,0.0,1.0,1.0,1.0,1.0,1.0,0.0,1.0
1697790,1.0,1.0,1.0,1.0,1.0,1.0,1.0,1.0,1.0,1.0
88283,1.0,1.0,1.0,1.0,1.0,1.0,1.0,1.0,1.0,1.0
483851,1.0,1.0,1.0,0.0,1.0,1.0,1.0,1.0,1.0,1.0
1517061,1.0,0.0,1.0,1.0,1.0,1.0,1.0,1.0,1.0,1.0
2181504,1.0,1.0,1.0,1.0,1.0,1.0,1.0,1.0,1.0,1.0
504051,1.0,1.0,1.0,1.0,1.0,1.0,1.0,1.0,0.0,1.0
2157854,1.0,1.0,1.0,1.0,1.0,1.0,1.0,1.0,1.0,1.0
1830000,1.0,1.0,1.0,1.0,1.0,1.0,1.0,1.0,1.0,0.0
1915206,1.0,0.0,1.0,0.0,1.0,1.0,1.0,1.0,1.0,0.0
240748,1.0,0.0,1.0,1.0,0.0,1.0,1.0,1.0,1.0,1.0
1643146,1.0,0.0,0.0,1.0,0.0,1.0,1.0,0.0,1.0,1.0
2451907,1.0,0.0,1.0,1.0,1.0,1.0,1.0,1.0,1.0,1.0
1233297,1.0,1.0,1.0,1.0,1.0,1.0,1.0,1.0,1.0,1.0
2519865,1.0,1.0,1.0,0.0,1.0,1.0,1.0,1.0,1.0,1.0
1771516,1.0,1.0,1.0,1.0,1.0,1.0,1.0,1.0,0.0,1.0
279966,1.0,1.0,1.0,1.0,1.0,1.0,1.0,1.0,1.0,1.0
1789747,1.0,1.0,1.0,1.0,1.0,1.0,1.0,1.0,1.0,1.0
2472066,1.0,1.0,1.0,1.0,0.0,1.0,1.0,1.0,1.0,0.0
1911845,1.0,1.0,0.0,1.0,0.0,1.0,0.0,0.0,1.0,0.0
480033,0.0,1.0,1.0,0.0,1.0,1.0,1.0,1.0,1.0,1.0
2158495,1.0,1.0,1.0,1.0,1.0,1.0,1.0,1.0,1.0,1.0
1412213,1.0,1.0,1.0,1.0,1.0,1.0,1.0,1.0,1.0,1.0
353477,1.0,1.0,1.0,1.0,1.0,1.0,1.0,1.0,1.0,1.0
79380,1.0,0.0,0.0,1.0,1.0,1.0,1.0,1.0,0.0,1.0
1785209,1.0,1.0,1.0,1.0,1.0,1.0,1.0,1.0,0.0,1.0
2375380,1.0,1.0,1.0,1.0,1.0,1.0,1.0,1.0,1.0,1.0
1229656,1.0,1.0,1.0,1.0,1.0,1.0,1.0,1.0,1.0,1.0
385553,1.0,1.0,1.0,1.0,1.0,1.0,1.0,1.0,1.0,1.0
2472640,1.0,1.0,1.0,1.0,1.0,1.0,1.0,1.0,0.0,1.0
1717675,1.0,1.0,1.0,1.0,1.0,1.0,1.0,1.0,1.0,1.0
1890844,1.0,0.0,1.0,0.0,1.0,1.0,1.0,1.0,1.0,1.0
1847613,0.0,1.0,1.0,1.0,1.0,1.0,1.0,1.0,1.0,1.0
1512836,1.0,0.0,1.0,1.0,0.0,1.0,1.0,1.0,1.0,0.0
1870288,1.0,1.0,1.0,1.0,0.0,1.0,1.0,1.0,1.0,1.0
2442646,1.0,1.0,1.0,1.0,1.0,1.0,1.0,1.0,0.0,1.0
3998,1.0,1.0,1.0,1.0,1.0,1.0,1.0,1.0,1.0,1.0
2202365,1.0,1.0,1.0,1.0,1.0,1.0,1.0,1.0,1.0,1.0
1072585,1.0,1.0,1.0,1.0,1.0,1.0,1.0,1.0,1.0,1.0
2041854,1.0,1.0,1.0,1.0,1.0,1.0,1.0,1.0,1.0,1.0
1167767,1.0,1.0,1.0,1.0,1.0,1.0,1.0,1.0,1.0,1.0
1581139,1.0,0.0,1.0,1.0,1.0,1.0,1.0,0.0,0.0,0.0
1357209,0.0,1.0,1.0,0.0,1.0,1.0,1.0,1.0,1.0,1.0
1181784,1.0,1.0,1.0,1.0,1.0,1.0,1.0,1.0,1.0,1.0
2468830,1.0,1.0,1.0,1.0,1.0,1.0,1.0,0.0,1.0,1.0
1138840,1.0,1.0,1.0,1.0,1.0,1.0,1.0,1.0,0.0,0.0
2160022,1.0,0.0,0.0,1.0,1.0,1.0,0.0,1.0,0.0,1.0
1339269,1.0,0.0,0.0,1.0,0.0,1.0,1.0,1.0,1.0,0.0
546751,1.0,1.0,1.0,1.0,1.0,1.0,1.0,1.0,1.0,1.0
920168,1.0,1.0,1.0,1.0,1.0,1.0,1.0,1.0,1.0,0.0
1289515,1.0,1.0,1.0,1.0,1.0,1.0,1.0,1.0,1.0,1.0
2039521,1.0,1.0,1.0,1.0,1.0,1.0,1.0,1.0,1.0,1.0
754443,1.0,1.0,1.0,1.0,1.0,1.0,1.0,1.0,1.0,1.0
774602,1.0,1.0,1.0,1.0,1.0,1.0,1.0,1.0,1.0,1.0
840763,1.0,1.0,0.0,1.0,1.0,1.0,1.0,1.0,1.0,1.0
530789,1.0,1.0,1.0,1.0,1.0,1.0,1.0,1.0,1.0,1.0
1730537,1.0,1.0,1.0,1.0,1.0,1.0,1.0,1.0,1.0,1.0
203738,1.0,1.0,1.0,1.0,1.0,1.0,1.0,1.0,1.0,1.0
1406473,1.0,0.0,1.0,1.0,1.0,1.0,1.0,1.0,1.0,1.0
1116031,1.0,0.0,0.0,1.0,0.0,1.0,1.0,1.0,1.0,1.0
1253689,1.0,1.0,1.0,1.0,1.0,1.0,1.0,1.0,1.0,1.0
1624047,1.0,1.0,1.0,1.0,1.0,1.0,1.0,1.0,1.0,1.0
846426,1.0,0.0,1.0,1.0,1.0,1.0,1.0,1.0,1.0,1.0
2002671,0.0,1.0,1.0,0.0,0.0,1.0,1.0,1.0,1.0,0.0
1483654,1.0,1.0,1.0,1.0,1.0,1.0,1.0,1.0,0.0,0.0
1144950,1.0,1.0,1.0,1.0,1.0,1.0,1.0,1.0,1.0,1.0
2589856,1.0,0.0,1.0,1.0,0.0,1.0,1.0,1.0,0.0,1.0
320314,1.0,1.0,1.0,1.0,1.0,1.0,1.0,1.0,0.0,1.0
477782,1.0,0.0,1.0,1.0,1.0,1.0,1.0,1.0,1.0,1.0
1374197,1.0,0.0,1.0,1.0,1.0,1.0,1.0,1.0,1.0,1.0
1196131,1.0,1.0,1.0,1.0,1.0,1.0,1.0,1.0,1.0,1.0
90900,1.0,1.0,1.0,1.0,1.0,1.0,1.0,1.0,1.0,1.0
1251664,1.0,1.0,1.0,0.0,1.0,1.0,1.0,0.0,1.0,1.0
1972040,1.0,1.0,0.0,1.0,1.0,1.0,1.0,1.0,1.0,1.0
49585,1.0,1.0,1.0,1.0,1.0,1.0,1.0,1.0,0.0,1.0
1115285,1.0,1.0,1.0,1.0,1.0,1.0,1.0,1.0,1.0,1.0
800136,1.0,0.0,1.0,0.0,1.0,1.0,1.0,1.0,0.0,1.0
516110,1.0,1.0,1.0,1.0,1.0,1.0,1.0,1.0,1.0,1.0
2593093,1.0,1.0,1.0,1.0,1.0,1.0,1.0,1.0,0.0,1.0
727242,1.0,0.0,0.0,0.0,0.0,1.0,0.0,0.0,0.0,0.0
290916,1.0,0.0,1.0,1.0,1.0,1.0,1.0,1.0,1.0,1.0
879760,1.0,1.0,1.0,1.0,1.0,1.0,1.0,1.0,1.0,1.0
1569593,1.0,0.0,1.0,1.0,1.0,1.0,1.0,1.0,1.0,1.0
327577,1.0,1.0,1.0,1.0,0.0,0.0,1.0,1.0,1.0,1.0
2450942,1.0,0.0,1.0,1.0,1.0,1.0,0.0,1.0,1.0,0.0
931475,1.0,0.0,1.0,1.0,1.0,1.0,1.0,1.0,1.0,1.0
651541,1.0,0.0,1.0,1.0,1.0,1.0,0.0,1.0,1.0,0.0
2578732,1.0,1.0,1.0,1.0,1.0,1.0,1.0,1.0,1.0,1.0
1823645,1.0,1.0,1.0,1.0,1.0,1.0,1.0,1.0,1.0,1.0
776905,1.0,1.0,1.0,1.0,1.0,1.0,1.0,1.0,1.0,1.0
2584676,1.0,1.0,1.0,1.0,1.0,1.0,1.0,1.0,1.0,1.0
1064977,1.0,1.0,1.0,1.0,1.0,1.0,1.0,1.0,1.0,1.0
214254,1.0,1.0,1.0,1.0,1.0,1.0,1.0,1.0,1.0,1.0
623709,1.0,0.0,0.0,1.0,1.0,1.0,1.0,1.0,1.0,1.0
537270,1.0,1.0,1.0,1.0,1.0,1.0,1.0,1.0,1.0,1.0
432259,1.0,0.0,1.0,1.0,1.0,1.0,1.0,1.0,1.0,1.0
42487,1.0,1.0,1.0,1.0,1.0,1.0,1.0,1.0,1.0,1.0
982689,1.0,1.0,1.0,1.0,1.0,1.0,1.0,1.0,1.0,1.0
2041252,0.0,1.0,1.0,1.0,1.0,1.0,1.0,1.0,1.0,1.0
235789,1.0,1.0,1.0,1.0,1.0,1.0,1.0,1.0,1.0,1.0
570428,1.0,0.0,1.0,1.0,1.0,1.0,1.0,1.0,0.0,1.0
240923,1.0,1.0,1.0,1.0,1.0,0.0,0.0,1.0,1.0,1.0
2601377,1.0,1.0,1.0,1.0,1.0,1.0,1.0,1.0,1.0,1.0
273251,1.0,1.0,1.0,1.0,1.0,1.0,1.0,1.0,1.0,1.0
655385,1.0,1.0,1.0,1.0,1.0,1.0,1.0,1.0,1.0,1.0
520704,1.0,1.0,1.0,1.0,1.0,1.0,1.0,1.0,1.0,1.0
818752,1.0,0.0,1.0,1.0,1.0,1.0,1.0,1.0,1.0,0.0
152955,1.0,1.0,1.0,1.0,1.0,1.0,1.0,1.0,1.0,1.0
19106,1.0,0.0,1.0,1.0,1.0,1.0,1.0,1.0,1.0,1.0
1444777,1.0,1.0,1.0,1.0,1.0,1.0,1.0,1.0,1.0,1.0
1919203,1.0,1.0,1.0,1.0,1.0,1.0,1.0,1.0,1.0,1.0
494440,1.0,1.0,1.0,1.0,1.0,1.0,1.0,1.0,1.0,1.0
1669465,1.0,1.0,1.0,1.0,1.0,1.0,1.0,1.0,1.0,1.0
2562487,1.0,1.0,1.0,1.0,1.0,1.0,1.0,1.0,0.0,1.0
476512,1.0,1.0,1.0,1.0,1.0,1.0,1.0,1.0,1.0,1.0
2289283,1.0,0.0,1.0,1.0,0.0,1.0,1.0,1.0,1.0,1.0
1887657,1.0,1.0,1.0,0.0,1.0,1.0,1.0,1.0,1.0,1.0
441361,1.0,1.0,1.0,1.0,0.0,1.0,1.0,1.0,1.0,1.0
2552315,1.0,1.0,1.0,1.0,1.0,1.0,1.0,1.0,0.0,1.0
1905498,1.0,1.0,1.0,1.0,1.0,1.0,1.0,1.0,1.0,1.0
1851867,1.0,1.0,1.0,1.0,1.0,1.0,1.0,1.0,1.0,1.0
1122985,1.0,1.0,1.0,1.0,1.0,1.0,1.0,1.0,1.0,0.0
1077173,1.0,1.0,1.0,1.0,1.0,1.0,1.0,1.0,1.0,1.0
2266083,1.0,1.0,1.0,1.0,1.0,1.0,1.0,1.0,1.0,1.0
1033433,1.0,1.0,0.0,1.0,1.0,1.0,1.0,1.0,1.0,1.0
2457240,1.0,1.0,1.0,1.0,1.0,1.0,1.0,1.0,1.0,1.0
1430108,1.0,1.0,1.0,1.0,1.0,1.0,1.0,1.0,1.0,1.0
2292140,1.0,1.0,1.0,1.0,1.0,1.0,1.0,1.0,0.0,1.0
183674,1.0,1.0,1.0,1.0,1.0,1.0,1.0,1.0,1.0,1.0
2046091,1.0,1.0,1.0,1.0,1.0,1.0,0.0,1.0,1.0,1.0
1072055,1.0,1.0,1.0,1.0,1.0,1.0,1.0,0.0,1.0,1.0
1406309,1.0,1.0,1.0,1.0,0.0,1.0,1.0,1.0,0.0,1.0
221926,1.0,1.0,1.0,1.0,1.0,1.0,1.0,1.0,1.0,1.0
2023883,1.0,1.0,1.0,1.0,1.0,1.0,1.0,1.0,1.0,1.0
1629176,1.0,0.0,1.0,1.0,1.0,1.0,1.0,1.0,1.0,1.0
1925832,1.0,1.0,1.0,1.0,1.0,1.0,1.0,1.0,1.0,1.0
1237971,1.0,0.0,0.0,1.0,0.0,0.0,1.0,1.0,1.0,0.0
1620201,1.0,1.0,1.0,1.0,0.0,0.0,1.0,1.0,1.0,1.0
1505732,1.0,1.0,1.0,1.0,1.0,1.0,1.0,1.0,1.0,1.0
326502,1.0,1.0,1.0,1.0,1.0,1.0,1.0,1.0,1.0,1.0
774061,1.0,1.0,1.0,1.0,1.0,1.0,1.0,1.0,1.0,1.0
372743,1.0,1.0,1.0,1.0,1.0,1.0,1.0,1.0,1.0,1.0
1863899,1.0,0.0,0.0,0.0,0.0,1.0,1.0,0.0,1.0,1.0
1312412,1.0,1.0,1.0,1.0,1.0,1.0,1.0,1.0,1.0,1.0
1456579,1.0,1.0,1.0,1.0,1.0,1.0,1.0,1.0,0.0,1.0
2079036,1.0,0.0,1.0,1.0,1.0,1.0,1.0,1.0,1.0,1.0
1807166,1.0,1.0,1.0,1.0,1.0,1.0,1.0,1.0,1.0,1.0
823628,1.0,1.0,0.0,1.0,1.0,1.0,1.0,1.0,1.0,0.0
1705743,1.0,1.0,1.0,1.0,1.0,1.0,1.0,1.0,1.0,1.0
301086,1.0,1.0,1.0,1.0,1.0,1.0,1.0,1.0,1.0,1.0
1671947,1.0,0.0,0.0,1.0,0.0,1.0,1.0,1.0,1.0,0.0
885386,1.0,0.0,1.0,1.0,0.0,1.0,1.0,1.0,1.0,1.0
1640132,1.0,1.0,1.0,1.0,1.0,1.0,1.0,1.0,1.0,1.0
958687,1.0,1.0,1.0,1.0,1.0,1.0,0.0,1.0,1.0,1.0
1771587,1.0,1.0,0.0,1.0,1.0,0.0,1.0,1.0,0.0,1.0
524142,1.0,0.0,1.0,1.0,1.0,1.0,1.0,1.0,1.0,1.0
398194,1.0,1.0,1.0,1.0,1.0,1.0,1.0,1.0,1.0,1.0
1424768,1.0,1.0,1.0,1.0,1.0,1.0,1.0,1.0,0.0,1.0
1087451,1.0,1.0,0.0,1.0,1.0,1.0,1.0,1.0,1.0,1.0
1300759,1.0,1.0,1.0,1.0,1.0,1.0,1.0,0.0,1.0,1.0
1800701,1.0,1.0,1.0,1.0,1.0,0.0,1.0,1.0,1.0,1.0
594196,1.0,1.0,1.0,1.0,1.0,1.0,1.0,1.0,1.0,1.0
2520506,1.0,1.0,1.0,1.0,1.0,1.0,0.0,1.0,0.0,1.0
620714,1.0,1.0,1.0,1.0,1.0,1.0,1.0,1.0,1.0,1.0
2417531,1.0,1.0,1.0,1.0,1.0,1.0,0.0,1.0,1.0,0.0
2593882,1.0,0.0,1.0,1.0,1.0,1.0,1.0,0.0,0.0,1.0
111033,1.0,1.0,1.0,1.0,1.0,1.0,1.0,0.0,1.0,1.0
844049,1.0,1.0,1.0,0.0,1.0,1.0,1.0,1.0,1.0,1.0
199257,1.0,1.0,1.0,1.0,1.0,1.0,1.0,1.0,0.0,1.0
687769,1.0,1.0,1.0,1.0,1.0,1.0,1.0,1.0,1.0,1.0
1054564,1.0,1.0,1.0,1.0,1.0,1.0,1.0,1.0,1.0,1.0
1435335,1.0,0.0,1.0,1.0,1.0,1.0,1.0,1.0,1.0,1.0
2584980,1.0,1.0,0.0,1.0,1.0,1.0,1.0,1.0,1.0,1.0
1851082,1.0,1.0,1.0,1.0,1.0,1.0,1.0,1.0,1.0,1.0
350266,0.0,0.0,0.0,1.0,0.0,1.0,1.0,0.0,0.0,0.0
1775922,1.0,0.0,1.0,1.0,1.0,1.0,1.0,1.0,1.0,1.0
1662714,1.0,1.0,1.0,1.0,1.0,1.0,1.0,1.0,1.0,1.0
166041,1.0,1.0,1.0,1.0,1.0,1.0,1.0,1.0,1.0,1.0
1710658,1.0,1.0,1.0,1.0,1.0,1.0,1.0,1.0,1.0,1.0
1393159,1.0,0.0,0.0,1.0,0.0,1.0,1.0,0.0,1.0,1.0
826444,1.0,1.0,1.0,1.0,1.0,1.0,1.0,1.0,1.0,1.0
920724,1.0,1.0,1.0,1.0,1.0,1.0,1.0,1.0,1.0,1.0
1316286,1.0,0.0,0.0,1.0,1.0,1.0,1.0,1.0,0.0,1.0
2125368,1.0,1.0,1.0,1.0,1.0,1.0,1.0,1.0,1.0,1.0
954353,1.0,1.0,0.0,1.0,1.0,1.0,1.0,1.0,1.0,1.0
711263,1.0,0.0,0.0,1.0,1.0,1.0,1.0,1.0,1.0,0.0
2546703,1.0,0.0,1.0,0.0,1.0,1.0,1.0,1.0,1.0,1.0
1229372,1.0,1.0,1.0,1.0,1.0,1.0,1.0,1.0,1.0,1.0
438189,1.0,1.0,1.0,1.0,0.0,1.0,1.0,1.0,0.0,1.0
431646,1.0,1.0,1.0,1.0,1.0,1.0,1.0,1.0,1.0,1.0
2590895,1.0,0.0,1.0,1.0,1.0,1.0,1.0,1.0,1.0,1.0
2290508,1.0,0.0,0.0,1.0,1.0,1.0,1.0,1.0,0.0,0.0
99844,1.0,1.0,1.0,1.0,1.0,1.0,1.0,1.0,1.0,1.0
1389990,1.0,1.0,1.0,1.0,1.0,1.0,1.0,1.0,1.0,1.0
265257,1.0,0.0,1.0,1.0,1.0,1.0,1.0,1.0,0.0,1.0
1352530,1.0,1.0,0.0,1.0,1.0,1.0,1.0,0.0,1.0,1.0
17864,1.0,1.0,0.0,1.0,1.0,1.0,1.0,1.0,1.0,1.0
1273304,1.0,1.0,1.0,1.0,1.0,1.0,1.0,1.0,1.0,1.0
722033,1.0,1.0,1.0,1.0,1.0,1.0,1.0,1.0,0.0,1.0
1945567,1.0,1.0,0.0,1.0,1.0,1.0,1.0,1.0,1.0,1.0
377937,1.0,1.0,0.0,1.0,1.0,1.0,0.0,1.0,0.0,0.0
2186920,1.0,1.0,1.0,1.0,1.0,1.0,1.0,1.0,1.0,1.0
2142230,1.0,1.0,1.0,1.0,1.0,1.0,1.0,1.0,1.0,1.0
1165873,1.0,0.0,1.0,1.0,1.0,1.0,1.0,1.0,0.0,0.0
863227,1.0,1.0,1.0,1.0,1.0,1.0,1.0,1.0,1.0,1.0
1176800,1.0,0.0,0.0,0.0,1.0,1.0,0.0,1.0,1.0,1.0
1442089,1.0,0.0,1.0,1.0,0.0,1.0,1.0,1.0,1.0,1.0
2345454,1.0,1.0,1.0,0.0,1.0,1.0,1.0,0.0,0.0,1.0
478932,1.0,0.0,1.0,1.0,1.0,1.0,1.0,1.0,1.0,1.0
197025,1.0,1.0,1.0,1.0,1.0,1.0,1.0,1.0,1.0,1.0
2613921,1.0,1.0,1.0,1.0,1.0,1.0,1.0,1.0,1.0,1.0
969772,1.0,1.0,1.0,1.0,1.0,1.0,1.0,1.0,1.0,1.0
2315135,1.0,1.0,1.0,1.0,1.0,1.0,0.0,1.0,1.0,1.0
1952500,1.0,1.0,1.0,1.0,1.0,1.0,1.0,1.0,1.0,0.0
1720861,1.0,1.0,1.0,1.0,1.0,1.0,1.0,1.0,1.0,1.0
1494821,1.0,1.0,0.0,1.0,0.0,1.0,1.0,1.0,1.0,1.0
936093,1.0,1.0,1.0,1.0,1.0,1.0,1.0,1.0,1.0,1.0
1835142,0.0,1.0,1.0,1.0,0.0,1.0,1.0,0.0,1.0,1.0
181207,1.0,1.0,1.0,1.0,1.0,1.0,1.0,1.0,1.0,1.0
1743756,1.0,0.0,1.0,1.0,1.0,1.0,1.0,1.0,1.0,1.0
2299951,1.0,0.0,0.0,1.0,1.0,1.0,1.0,1.0,1.0,1.0
2248080,1.0,1.0,0.0,1.0,1.0,1.0,1.0,1.0,1.0,1.0
1978543,1.0,1.0,1.0,1.0,1.0,1.0,1.0,1.0,1.0,1.0
424851,1.0,1.0,1.0,1.0,1.0,1.0,1.0,1.0,1.0,1.0
1693002,1.0,1.0,1.0,1.0,1.0,1.0,1.0,1.0,1.0,1.0
1626727,1.0,0.0,1.0,1.0,1.0,0.0,1.0,1.0,1.0,1.0
673187,1.0,1.0,1.0,1.0,1.0,1.0,1.0,1.0,1.0,1.0
1139570,1.0,1.0,1.0,1.0,1.0,1.0,1.0,1.0,1.0,1.0
1225914,1.0,1.0,0.0,1.0,1.0,1.0,1.0,1.0,0.0,1.0
847780,1.0,1.0,1.0,1.0,1.0,1.0,1.0,1.0,0.0,0.0
307427,1.0,0.0,1.0,1.0,1.0,1.0,1.0,1.0,1.0,0.0
2513873,1.0,1.0,1.0,1.0,1.0,1.0,1.0,1.0,1.0,1.0
716107,0.0,1.0,1.0,1.0,0.0,1.0,1.0,1.0,1.0,1.0
1849620,1.0,1.0,1.0,1.0,1.0,1.0,1.0,1.0,1.0,1.0
297453,1.0,1.0,1.0,1.0,1.0,1.0,1.0,1.0,1.0,1.0
138106,1.0,0.0,1.0,1.0,1.0,1.0,1.0,1.0,1.0,1.0
1336618,1.0,0.0,0.0,0.0,1.0,1.0,1.0,1.0,1.0,1.0
45207,1.0,1.0,1.0,1.0,1.0,1.0,1.0,1.0,1.0,1.0
2097976,1.0,1.0,1.0,1.0,1.0,1.0,1.0,1.0,1.0,0.0
2450433,1.0,1.0,1.0,1.0,1.0,1.0,1.0,1.0,1.0,1.0
1875533,1.0,1.0,1.0,1.0,1.0,1.0,1.0,1.0,1.0,1.0
2201302,1.0,1.0,1.0,1.0,1.0,1.0,1.0,1.0,0.0,1.0
452667,1.0,1.0,1.0,1.0,1.0,1.0,1.0,1.0,1.0,1.0
1079598,1.0,1.0,1.0,1.0,1.0,1.0,1.0,1.0,1.0,1.0
826270,1.0,1.0,0.0,1.0,1.0,1.0,1.0,0.0,1.0,1.0
1458868,1.0,0.0,0.0,0.0,0.0,1.0,1.0,1.0,1.0,1.0
825819,1.0,1.0,1.0,1.0,1.0,1.0,1.0,1.0,1.0,1.0
147386,1.0,1.0,1.0,0.0,1.0,1.0,1.0,1.0,0.0,1.0
2204694,0.0,1.0,1.0,0.0,1.0,1.0,1.0,1.0,1.0,1.0
2491620,1.0,1.0,1.0,1.0,1.0,1.0,1.0,1.0,0.0,1.0
951798,1.0,1.0,1.0,1.0,1.0,1.0,0.0,1.0,1.0,1.0
1900750,1.0,1.0,1.0,1.0,1.0,1.0,1.0,1.0,1.0,1.0
901520,1.0,1.0,1.0,1.0,1.0,1.0,1.0,1.0,1.0,1.0
836150,1.0,1.0,0.0,1.0,0.0,0.0,0.0,0.0,1.0,0.0
633570,0.0,1.0,1.0,0.0,0.0,1.0,1.0,1.0,0.0,0.0
1153365,1.0,0.0,1.0,1.0,1.0,1.0,1.0,0.0,0.0,1.0
1532336,1.0,0.0,1.0,1.0,1.0,1.0,0.0,0.0,0.0,0.0
926921,1.0,1.0,1.0,1.0,1.0,1.0,1.0,1.0,1.0,1.0
608538,1.0,1.0,1.0,1.0,1.0,1.0,1.0,1.0,1.0,1.0
1437139,1.0,1.0,0.0,1.0,1.0,1.0,1.0,0.0,1.0,1.0
1725226,1.0,1.0,1.0,1.0,1.0,1.0,1.0,1.0,1.0,1.0
232877,1.0,1.0,1.0,1.0,1.0,1.0,1.0,0.0,1.0,1.0
1480781,1.0,0.0,1.0,1.0,1.0,1.0,1.0,1.0,0.0,1.0
1582412,1.0,0.0,1.0,0.0,1.0,0.0,1.0,1.0,1.0,1.0
1980663,1.0,1.0,1.0,1.0,1.0,1.0,1.0,1.0,1.0,1.0
1439261,1.0,1.0,1.0,0.0,1.0,1.0,1.0,1.0,1.0,1.0
1955660,1.0,1.0,1.0,1.0,1.0,1.0,1.0,1.0,1.0,1.0
159328,1.0,1.0,1.0,0.0,1.0,1.0,1.0,1.0,1.0,1.0
278882,1.0,1.0,1.0,1.0,1.0,1.0,1.0,1.0,0.0,1.0
831103,1.0,1.0,1.0,1.0,0.0,1.0,1.0,0.0,1.0,1.0
2115908,1.0,1.0,1.0,1.0,1.0,1.0,1.0,1.0,1.0,1.0
272840,1.0,1.0,1.0,1.0,1.0,1.0,1.0,1.0,0.0,1.0
1606739,1.0,1.0,1.0,1.0,1.0,1.0,1.0,1.0,1.0,1.0
670382,1.0,1.0,1.0,1.0,1.0,1.0,1.0,1.0,1.0,1.0
2217731,1.0,1.0,0.0,0.0,1.0,1.0,1.0,1.0,1.0,1.0
1570999,1.0,1.0,1.0,1.0,1.0,1.0,1.0,1.0,1.0,1.0
1102923,1.0,1.0,1.0,1.0,1.0,1.0,1.0,1.0,1.0,1.0
2556523,1.0,1.0,1.0,1.0,1.0,1.0,1.0,1.0,1.0,1.0
1061195,1.0,1.0,1.0,1.0,1.0,1.0,1.0,1.0,1.0,0.0
2125035,1.0,1.0,1.0,1.0,1.0,1.0,1.0,1.0,1.0,1.0
952156,1.0,0.0,1.0,1.0,0.0,1.0,1.0,1.0,1.0,1.0
2569320,1.0,1.0,1.0,1.0,1.0,1.0,1.0,1.0,1.0,1.0
1932832,1.0,1.0,0.0,1.0,1.0,1.0,1.0,1.0,1.0,1.0
2204299,1.0,1.0,1.0,1.0,1.0,1.0,1.0,1.0,1.0,1.0
2091461,1.0,1.0,1.0,1.0,1.0,1.0,1.0,1.0,1.0,1.0
92786,1.0,1.0,1.0,1.0,1.0,1.0,1.0,1.0,1.0,1.0
1981464,1.0,1.0,1.0,1.0,1.0,1.0,1.0,1.0,1.0,1.0
1907667,1.0,1.0,1.0,1.0,1.0,1.0,1.0,1.0,1.0,1.0
1120091,1.0,1.0,1.0,1.0,1.0,1.0,1.0,1.0,1.0,1.0
830855,1.0,1.0,1.0,1.0,0.0,1.0,1.0,1.0,1.0,1.0
699593,1.0,1.0,1.0,1.0,1.0,1.0,1.0,1.0,1.0,1.0
1193872,1.0,1.0,1.0,0.0,1.0,1.0,1.0,1.0,1.0,1.0
2118863,1.0,1.0,1.0,1.0,1.0,1.0,1.0,1.0,1.0,1.0
2237185,1.0,1.0,1.0,1.0,1.0,1.0,1.0,0.0,1.0,0.0
243612,1.0,1.0,1.0,1.0,1.0,1.0,1.0,1.0,0.0,1.0
2206502,1.0,1.0,1.0,1.0,1.0,1.0,1.0,1.0,0.0,1.0
2231861,1.0,1.0,1.0,1.0,1.0,1.0,1.0,1.0,1.0,1.0
2485642,1.0,1.0,1.0,0.0,1.0,1.0,1.0,1.0,1.0,1.0
832780,1.0,0.0,1.0,1.0,1.0,1.0,1.0,1.0,1.0,1.0
412439,1.0,1.0,1.0,1.0,1.0,1.0,1.0,1.0,1.0,1.0
1555531,1.0,1.0,1.0,1.0,1.0,1.0,1.0,1.0,1.0,0.0
1130380,1.0,0.0,1.0,1.0,1.0,1.0,1.0,1.0,0.0,1.0
679869,1.0,1.0,1.0,1.0,0.0,1.0,1.0,1.0,1.0,1.0
743633,1.0,1.0,1.0,1.0,1.0,1.0,1.0,1.0,1.0,1.0
2387463,1.0,1.0,1.0,1.0,1.0,1.0,1.0,1.0,1.0,1.0
1561134,1.0,1.0,1.0,1.0,1.0,1.0,1.0,1.0,1.0,1.0
1189397,1.0,1.0,1.0,1.0,1.0,1.0,1.0,1.0,1.0,1.0
1825647,1.0,0.0,1.0,1.0,0.0,0.0,1.0,0.0,1.0,0.0
748141,1.0,1.0,1.0,1.0,1.0,1.0,1.0,1.0,1.0,1.0
1602153,1.0,1.0,1.0,1.0,1.0,1.0,1.0,1.0,1.0,1.0
2284890,1.0,0.0,1.0,1.0,0.0,1.0,1.0,0.0,1.0,1.0
1351706,1.0,1.0,1.0,1.0,1.0,1.0,1.0,1.0,1.0,1.0
2339981,1.0,1.0,1.0,1.0,1.0,1.0,1.0,1.0,1.0,1.0
1640334,1.0,1.0,1.0,1.0,1.0,1.0,1.0,1.0,0.0,1.0
67900,1.0,0.0,1.0,1.0,1.0,1.0,1.0,1.0,1.0,1.0
10374,1.0,1.0,1.0,1.0,1.0,1.0,1.0,1.0,1.0,1.0
705645,1.0,1.0,1.0,1.0,1.0,1.0,0.0,0.0,1.0,1.0
1239496,1.0,1.0,1.0,1.0,1.0,1.0,1.0,1.0,1.0,1.0
2043784,1.0,1.0,1.0,1.0,1.0,1.0,1.0,1.0,0.0,1.0
2228750,1.0,0.0,1.0,1.0,1.0,1.0,1.0,1.0,1.0,0.0
1893292,1.0,1.0,1.0,1.0,1.0,1.0,1.0,1.0,1.0,1.0
2110107,1.0,1.0,1.0,1.0,1.0,1.0,1.0,1.0,1.0,1.0
2627893,1.0,1.0,0.0,0.0,0.0,1.0,1.0,0.0,1.0,1.0
1397843,1.0,1.0,1.0,1.0,0.0,1.0,1.0,1.0,0.0,1.0
285174,1.0,1.0,1.0,1.0,1.0,1.0,1.0,1.0,1.0,1.0
1123175,1.0,1.0,1.0,1.0,1.0,1.0,1.0,1.0,0.0,1.0
1190829,1.0,0.0,1.0,1.0,0.0,1.0,1.0,0.0,1.0,0.0
1533313,1.0,1.0,1.0,1.0,1.0,1.0,1.0,1.0,1.0,1.0
1658101,1.0,1.0,1.0,1.0,1.0,1.0,1.0,1.0,1.0,1.0
2033070,1.0,1.0,1.0,0.0,1.0,1.0,1.0,1.0,1.0,1.0
853918,1.0,1.0,1.0,1.0,1.0,1.0,0.0,0.0,1.0,0.0
1184498,1.0,1.0,1.0,1.0,1.0,1.0,1.0,1.0,1.0,1.0
844028,1.0,1.0,1.0,1.0,1.0,1.0,1.0,1.0,1.0,1.0
349411,1.0,0.0,1.0,1.0,1.0,1.0,1.0,1.0,0.0,1.0
2238060,1.0,1.0,1.0,1.0,1.0,1.0,1.0,1.0,1.0,1.0
1660348,1.0,1.0,1.0,1.0,1.0,1.0,1.0,1.0,1.0,0.0
1174530,1.0,1.0,1.0,1.0,1.0,1.0,1.0,1.0,1.0,1.0
675410,1.0,1.0,1.0,1.0,0.0,1.0,1.0,1.0,0.0,1.0
1939431,1.0,1.0,1.0,1.0,1.0,1.0,1.0,1.0,1.0,1.0
1118819,1.0,1.0,1.0,1.0,1.0,1.0,1.0,1.0,1.0,1.0
475631,1.0,1.0,1.0,1.0,1.0,1.0,1.0,1.0,1.0,1.0
402413,1.0,1.0,1.0,1.0,1.0,1.0,1.0,1.0,1.0,1.0
1452127,1.0,1.0,1.0,1.0,1.0,1.0,1.0,1.0,1.0,1.0
165374,1.0,1.0,1.0,1.0,1.0,1.0,1.0,1.0,1.0,1.0
859453,1.0,1.0,1.0,1.0,1.0,1.0,1.0,1.0,1.0,1.0
2062350,1.0,0.0,1.0,1.0,0.0,1.0,1.0,1.0,1.0,1.0
1737529,0.0,1.0,1.0,1.0,1.0,1.0,1.0,1.0,1.0,1.0
778937,1.0,0.0,1.0,1.0,0.0,1.0,1.0,1.0,1.0,1.0
828349,1.0,1.0,1.0,1.0,1.0,1.0,1.0,1.0,1.0,1.0
2629599,1.0,1.0,1.0,1.0,1.0,1.0,1.0,1.0,1.0,1.0
1194759,1.0,0.0,1.0,1.0,1.0,1.0,1.0,1.0,1.0,1.0
70476,1.0,1.0,1.0,1.0,1.0,1.0,1.0,1.0,1.0,1.0
1999176,1.0,1.0,1.0,1.0,1.0,1.0,1.0,1.0,1.0,1.0
2115174,1.0,1.0,1.0,1.0,1.0,1.0,1.0,1.0,1.0,1.0
2524846,1.0,1.0,1.0,0.0,1.0,1.0,1.0,1.0,1.0,0.0
1629440,1.0,1.0,1.0,1.0,1.0,1.0,1.0,1.0,1.0,1.0
1662098,1.0,0.0,1.0,1.0,1.0,1.0,1.0,1.0,1.0,1.0
52352,1.0,1.0,1.0,1.0,1.0,1.0,1.0,1.0,1.0,1.0
1649068,1.0,1.0,1.0,0.0,1.0,1.0,1.0,1.0,1.0,1.0
1622407,1.0,1.0,1.0,0.0,1.0,1.0,1.0,1.0,0.0,1.0
804027,1.0,1.0,1.0,1.0,1.0,1.0,1.0,1.0,1.0,1.0
2495474,1.0,1.0,1.0,1.0,1.0,0.0,1.0,1.0,1.0,1.0
1817718,1.0,1.0,1.0,1.0,1.0,1.0,1.0,1.0,1.0,1.0
455024,1.0,1.0,1.0,1.0,1.0,1.0,1.0,1.0,1.0,1.0
465885,0.0,0.0,1.0,1.0,1.0,1.0,1.0,0.0,0.0,0.0
6544,1.0,1.0,1.0,1.0,1.0,1.0,1.0,1.0,1.0,1.0
1570161,1.0,1.0,1.0,1.0,1.0,1.0,1.0,1.0,1.0,1.0
561184,1.0,1.0,0.0,1.0,1.0,1.0,1.0,1.0,1.0,1.0
2383871,1.0,0.0,1.0,1.0,1.0,1.0,1.0,1.0,1.0,1.0
612111,1.0,1.0,1.0,1.0,1.0,1.0,1.0,1.0,0.0,1.0
1765734,1.0,1.0,1.0,1.0,1.0,1.0,1.0,1.0,1.0,1.0
1509395,1.0,1.0,1.0,1.0,1.0,1.0,1.0,1.0,1.0,1.0
732363,1.0,0.0,0.0,1.0,1.0,1.0,1.0,1.0,1.0,1.0
823802,1.0,1.0,0.0,1.0,1.0,1.0,1.0,1.0,0.0,1.0
2412372,1.0,1.0,1.0,1.0,0.0,1.0,1.0,1.0,1.0,1.0
2014204,1.0,1.0,1.0,1.0,1.0,1.0,1.0,1.0,1.0,1.0
1267586,1.0,1.0,1.0,1.0,1.0,1.0,1.0,1.0,1.0,1.0
1878120,1.0,1.0,1.0,1.0,1.0,1.0,1.0,1.0,0.0,1.0
1312661,0.0,1.0,1.0,1.0,1.0,1.0,1.0,1.0,1.0,1.0
110938,1.0,0.0,1.0,1.0,1.0,1.0,1.0,1.0,1.0,1.0
485601,1.0,1.0,1.0,1.0,1.0,1.0,1.0,1.0,1.0,1.0
1115451,1.0,1.0,1.0,0.0,1.0,1.0,1.0,1.0,0.0,1.0
2645579,1.0,1.0,1.0,1.0,1.0,1.0,1.0,1.0,0.0,1.0
2445470,1.0,1.0,1.0,1.0,1.0,1.0,1.0,1.0,1.0,1.0
1365840,1.0,1.0,1.0,1.0,1.0,1.0,1.0,1.0,1.0,1.0
2488357,1.0,1.0,1.0,1.0,1.0,1.0,1.0,1.0,1.0,1.0
1787323,1.0,1.0,1.0,1.0,1.0,1.0,1.0,1.0,1.0,1.0
2172649,1.0,1.0,1.0,0.0,1.0,0.0,1.0,1.0,1.0,1.0
1708281,0.0,1.0,1.0,1.0,1.0,1.0,1.0,1.0,1.0,1.0
1003143,1.0,0.0,0.0,0.0,1.0,1.0,1.0,1.0,1.0,1.0
686510,1.0,1.0,1.0,1.0,1.0,1.0,1.0,1.0,1.0,1.0
1849541,1.0,1.0,1.0,1.0,1.0,1.0,1.0,1.0,1.0,1.0
2595747,1.0,1.0,1.0,1.0,1.0,1.0,1.0,1.0,1.0,1.0
1878780,1.0,0.0,0.0,1.0,0.0,1.0,1.0,1.0,1.0,0.0
156622,1.0,1.0,1.0,1.0,1.0,1.0,1.0,1.0,0.0,1.0
189814,1.0,1.0,1.0,1.0,1.0,1.0,1.0,1.0,1.0,1.0
2560750,1.0,1.0,1.0,0.0,1.0,1.0,1.0,1.0,1.0,1.0
102442,1.0,0.0,1.0,1.0,0.0,1.0,1.0,0.0,1.0,1.0
2227455,1.0,1.0,1.0,1.0,1.0,1.0,1.0,1.0,1.0,1.0
369036,1.0,1.0,1.0,1.0,1.0,1.0,1.0,1.0,1.0,1.0
622742,1.0,1.0,0.0,1.0,1.0,1.0,1.0,1.0,1.0,1.0
1862805,0.0,1.0,1.0,1.0,1.0,1.0,1.0,1.0,1.0,1.0
1341214,1.0,1.0,1.0,1.0,1.0,1.0,1.0,1.0,1.0,1.0
1661344,1.0,1.0,1.0,1.0,1.0,1.0,1.0,1.0,0.0,1.0
394895,1.0,1.0,1.0,1.0,1.0,1.0,1.0,1.0,1.0,1.0
940016,1.0,1.0,1.0,1.0,1.0,1.0,1.0,1.0,1.0,1.0
722591,1.0,1.0,1.0,1.0,1.0,1.0,1.0,1.0,1.0,1.0
1800459,1.0,1.0,1.0,1.0,1.0,1.0,1.0,1.0,0.0,1.0
248904,0.0,1.0,1.0,0.0,1.0,1.0,1.0,1.0,1.0,1.0
608234,1.0,1.0,1.0,1.0,1.0,1.0,1.0,1.0,1.0,1.0
1899399,0.0,0.0,1.0,1.0,0.0,0.0,1.0,1.0,1.0,1.0
832959,1.0,0.0,1.0,1.0,1.0,1.0,1.0,1.0,0.0,0.0
1033930,1.0,1.0,1.0,1.0,1.0,1.0,0.0,1.0,1.0,1.0
1486501,1.0,1.0,1.0,1.0,1.0,1.0,1.0,1.0,1.0,1.0
2227924,1.0,1.0,0.0,1.0,1.0,1.0,1.0,1.0,1.0,1.0
2523435,1.0,1.0,1.0,1.0,1.0,1.0,1.0,1.0,1.0,1.0
642036,1.0,1.0,1.0,1.0,1.0,1.0,1.0,1.0,0.0,1.0
707496,0.0,1.0,1.0,1.0,1.0,1.0,1.0,1.0,1.0,1.0
515441,1.0,1.0,1.0,1.0,1.0,1.0,1.0,1.0,1.0,1.0
934606,1.0,1.0,1.0,1.0,1.0,0.0,1.0,1.0,1.0,1.0
2432162,1.0,0.0,0.0,1.0,1.0,1.0,1.0,0.0,0.0,0.0
1020745,1.0,1.0,1.0,1.0,1.0,1.0,1.0,1.0,1.0,1.0
97893,1.0,1.0,1.0,1.0,1.0,1.0,1.0,1.0,1.0,1.0
922812,1.0,1.0,1.0,1.0,1.0,1.0,1.0,1.0,1.0,1.0
420266,1.0,1.0,1.0,1.0,1.0,1.0,1.0,1.0,1.0,1.0
383451,1.0,1.0,1.0,1.0,1.0,1.0,1.0,1.0,1.0,1.0
1413434,1.0,1.0,1.0,1.0,1.0,1.0,1.0,1.0,1.0,1.0
29815,1.0,1.0,1.0,1.0,1.0,1.0,1.0,1.0,1.0,1.0
1823065,1.0,1.0,1.0,1.0,1.0,1.0,1.0,1.0,1.0,1.0
1480807,1.0,1.0,1.0,1.0,1.0,1.0,1.0,1.0,1.0,1.0
2320706,1.0,1.0,1.0,1.0,1.0,1.0,1.0,1.0,1.0,1.0
37188,1.0,0.0,1.0,1.0,0.0,1.0,1.0,1.0,1.0,1.0
1670329,1.0,1.0,1.0,1.0,1.0,1.0,0.0,1.0,1.0,1.0
2070798,1.0,0.0,1.0,1.0,1.0,1.0,1.0,1.0,1.0,1.0
2090015,1.0,1.0,1.0,1.0,1.0,1.0,1.0,1.0,1.0,1.0
606105,1.0,0.0,1.0,1.0,0.0,1.0,0.0,1.0,1.0,1.0
128863,1.0,0.0,0.0,1.0,1.0,1.0,1.0,1.0,1.0,1.0
894205,1.0,1.0,0.0,1.0,1.0,1.0,1.0,1.0,1.0,0.0
1793717,1.0,1.0,1.0,1.0,1.0,1.0,0.0,1.0,1.0,1.0
1771365,1.0,1.0,1.0,1.0,1.0,1.0,1.0,1.0,1.0,1.0
944944,1.0,1.0,1.0,1.0,1.0,1.0,1.0,1.0,1.0,1.0
1192958,0.0,0.0,0.0,1.0,0.0,1.0,0.0,0.0,0.0,0.0
2402136,1.0,1.0,1.0,1.0,1.0,1.0,1.0,1.0,1.0,1.0
2541385,1.0,1.0,1.0,1.0,1.0,1.0,1.0,1.0,1.0,1.0
1122969,1.0,1.0,1.0,1.0,1.0,1.0,1.0,1.0,1.0,1.0
1745527,1.0,1.0,1.0,1.0,1.0,0.0,0.0,0.0,1.0,1.0
2354740,1.0,1.0,1.0,1.0,1.0,1.0,1.0,1.0,1.0,1.0
1324830,1.0,1.0,1.0,1.0,1.0,1.0,1.0,1.0,1.0,1.0
2330519,1.0,1.0,1.0,1.0,1.0,1.0,1.0,1.0,1.0,1.0
1114324,1.0,1.0,1.0,0.0,1.0,1.0,1.0,1.0,1.0,0.0
692235,1.0,1.0,1.0,1.0,0.0,1.0,1.0,1.0,1.0,1.0
1309838,1.0,1.0,1.0,1.0,1.0,1.0,1.0,1.0,1.0,1.0
2404142,1.0,1.0,1.0,1.0,1.0,1.0,1.0,1.0,1.0,1.0
81074,0.0,1.0,1.0,1.0,0.0,1.0,1.0,1.0,0.0,1.0
1473980,1.0,1.0,1.0,1.0,1.0,1.0,1.0,1.0,1.0,1.0
1522119,1.0,1.0,1.0,1.0,1.0,1.0,1.0,1.0,1.0,1.0
1253619,1.0,1.0,1.0,1.0,1.0,1.0,1.0,1.0,0.0,1.0
1986034,1.0,1.0,1.0,1.0,1.0,1.0,1.0,1.0,0.0,1.0
1460170,1.0,1.0,1.0,1.0,1.0,1.0,1.0,1.0,0.0,1.0
447759,1.0,1.0,1.0,1.0,1.0,1.0,1.0,1.0,1.0,1.0
2110645,1.0,0.0,0.0,0.0,0.0,1.0,1.0,0.0,0.0,0.0
12812,1.0,1.0,1.0,1.0,1.0,1.0,1.0,1.0,0.0,1.0
574834,1.0,1.0,1.0,1.0,1.0,1.0,1.0,1.0,0.0,1.0
794999,1.0,1.0,1.0,1.0,1.0,1.0,1.0,1.0,1.0,1.0
325844,1.0,1.0,1.0,0.0,1.0,1.0,1.0,1.0,1.0,1.0
1738198,1.0,1.0,1.0,1.0,1.0,1.0,1.0,0.0,0.0,1.0
1686713,1.0,0.0,1.0,1.0,1.0,1.0,1.0,1.0,1.0,1.0
2291589,1.0,1.0,1.0,1.0,1.0,1.0,1.0,1.0,1.0,1.0
2543231,1.0,1.0,1.0,1.0,1.0,1.0,0.0,1.0,1.0,1.0
646323,1.0,1.0,1.0,1.0,1.0,1.0,1.0,1.0,1.0,1.0
201707,1.0,1.0,1.0,1.0,1.0,1.0,1.0,1.0,0.0,1.0
1737149,1.0,1.0,0.0,1.0,1.0,1.0,1.0,1.0,1.0,1.0
230966,1.0,0.0,1.0,1.0,0.0,1.0,1.0,0.0,0.0,0.0
1061353,1.0,1.0,1.0,1.0,1.0,1.0,1.0,1.0,1.0,1.0
522278,1.0,1.0,1.0,1.0,1.0,1.0,1.0,1.0,1.0,1.0
2519299,1.0,1.0,1.0,1.0,0.0,1.0,1.0,1.0,0.0,1.0
424202,1.0,1.0,1.0,1.0,1.0,1.0,1.0,1.0,1.0,1.0
1174811,1.0,0.0,1.0,1.0,1.0,1.0,1.0,1.0,1.0,1.0
1066481,1.0,1.0,1.0,1.0,1.0,1.0,0.0,1.0,1.0,1.0
2535052,1.0,1.0,1.0,1.0,1.0,1.0,1.0,1.0,1.0,1.0
380505,1.0,1.0,1.0,1.0,1.0,1.0,1.0,1.0,1.0,1.0
1024568,1.0,1.0,1.0,1.0,1.0,1.0,1.0,1.0,1.0,1.0
1322233,1.0,0.0,1.0,1.0,1.0,1.0,1.0,1.0,0.0,1.0
10268,1.0,1.0,1.0,1.0,1.0,1.0,1.0,1.0,1.0,1.0
1334401,0.0,1.0,1.0,1.0,1.0,1.0,1.0,1.0,1.0,1.0
1855317,1.0,1.0,1.0,1.0,1.0,1.0,1.0,1.0,1.0,1.0
334004,1.0,0.0,0.0,1.0,1.0,1.0,1.0,1.0,1.0,1.0
1110156,1.0,1.0,1.0,1.0,1.0,1.0,1.0,1.0,1.0,1.0
631075,1.0,1.0,1.0,1.0,1.0,1.0,1.0,1.0,1.0,1.0
758850,1.0,0.0,1.0,1.0,1.0,1.0,1.0,1.0,1.0,1.0
1811201,1.0,1.0,1.0,1.0,1.0,1.0,1.0,1.0,1.0,1.0
287545,1.0,0.0,1.0,1.0,1.0,1.0,1.0,1.0,1.0,1.0
2409280,1.0,1.0,1.0,1.0,1.0,0.0,1.0,1.0,1.0,1.0
386947,1.0,1.0,1.0,1.0,1.0,1.0,1.0,1.0,1.0,1.0
98586,1.0,0.0,0.0,1.0,1.0,0.0,1.0,0.0,1.0,1.0
905479,1.0,1.0,0.0,1.0,1.0,1.0,1.0,1.0,1.0,0.0
1546186,1.0,0.0,0.0,1.0,1.0,1.0,1.0,1.0,1.0,1.0
872882,1.0,1.0,1.0,1.0,1.0,1.0,1.0,1.0,1.0,1.0
2086265,0.0,1.0,1.0,0.0,0.0,1.0,1.0,1.0,0.0,1.0
1832073,1.0,1.0,1.0,1.0,1.0,1.0,1.0,1.0,1.0,1.0
1740987,1.0,1.0,1.0,1.0,1.0,1.0,1.0,1.0,1.0,1.0
2385226,1.0,1.0,1.0,1.0,1.0,1.0,1.0,1.0,1.0,1.0
2164729,1.0,1.0,1.0,1.0,1.0,1.0,1.0,1.0,1.0,1.0
1366497,1.0,1.0,1.0,1.0,1.0,1.0,1.0,1.0,1.0,1.0
1531344,1.0,1.0,1.0,1.0,1.0,1.0,1.0,1.0,1.0,1.0
2139762,1.0,1.0,1.0,0.0,1.0,1.0,1.0,1.0,1.0,1.0
542907,1.0,1.0,1.0,1.0,1.0,1.0,1.0,1.0,1.0,1.0
1178846,1.0,1.0,1.0,1.0,0.0,1.0,1.0,1.0,1.0,1.0
1436668,1.0,1.0,1.0,1.0,1.0,1.0,1.0,1.0,1.0,1.0
1932785,1.0,1.0,1.0,1.0,1.0,1.0,1.0,0.0,1.0,0.0
1824028,1.0,1.0,1.0,1.0,1.0,1.0,1.0,1.0,1.0,1.0
1590697,1.0,1.0,1.0,1.0,1.0,1.0,1.0,1.0,1.0,1.0
828654,1.0,1.0,1.0,1.0,1.0,1.0,1.0,1.0,1.0,1.0
766982,1.0,1.0,1.0,1.0,1.0,1.0,1.0,1.0,1.0,1.0
303948,1.0,1.0,1.0,1.0,1.0,1.0,1.0,1.0,1.0,1.0
753663,1.0,1.0,1.0,1.0,1.0,1.0,1.0,1.0,1.0,1.0
1314869,1.0,1.0,1.0,1.0,1.0,1.0,0.0,1.0,1.0,1.0
1813076,1.0,1.0,1.0,1.0,1.0,1.0,1.0,1.0,1.0,1.0
2588510,1.0,1.0,1.0,1.0,1.0,1.0,1.0,1.0,1.0,1.0
1003753,1.0,1.0,1.0,1.0,1.0,1.0,1.0,1.0,0.0,1.0
1571565,1.0,1.0,1.0,1.0,1.0,1.0,1.0,1.0,1.0,1.0
1644520,1.0,1.0,1.0,1.0,1.0,1.0,1.0,1.0,1.0,1.0
2047888,1.0,0.0,1.0,1.0,1.0,1.0,1.0,1.0,1.0,1.0
1552084,1.0,1.0,1.0,1.0,1.0,1.0,1.0,1.0,1.0,1.0
21823,0.0,1.0,1.0,1.0,1.0,0.0,1.0,1.0,1.0,1.0
1190512,1.0,0.0,1.0,0.0,1.0,1.0,1.0,0.0,0.0,1.0
818816,1.0,1.0,1.0,1.0,1.0,1.0,1.0,1.0,1.0,1.0
164532,1.0,1.0,1.0,1.0,1.0,1.0,1.0,1.0,1.0,1.0
1755612,1.0,1.0,1.0,1.0,1.0,1.0,1.0,1.0,1.0,1.0
1667739,1.0,1.0,1.0,1.0,1.0,1.0,1.0,1.0,1.0,1.0
717542,1.0,1.0,1.0,0.0,1.0,1.0,1.0,1.0,1.0,0.0
318939,1.0,1.0,1.0,1.0,1.0,1.0,1.0,1.0,1.0,1.0
2023518,1.0,1.0,1.0,1.0,1.0,1.0,1.0,1.0,1.0,1.0
2581488,1.0,1.0,1.0,0.0,0.0,0.0,1.0,0.0,1.0,0.0
1739691,1.0,1.0,1.0,1.0,1.0,1.0,1.0,1.0,1.0,1.0
686204,1.0,0.0,0.0,1.0,1.0,1.0,1.0,1.0,1.0,0.0
2000237,1.0,1.0,1.0,1.0,1.0,1.0,1.0,1.0,1.0,1.0
2523231,1.0,1.0,1.0,1.0,1.0,1.0,1.0,1.0,1.0,1.0
322009,1.0,1.0,1.0,1.0,1.0,1.0,1.0,1.0,1.0,1.0
2580072,1.0,1.0,1.0,1.0,1.0,1.0,1.0,1.0,1.0,1.0
2412878,1.0,0.0,1.0,1.0,1.0,1.0,1.0,1.0,0.0,1.0
1934002,1.0,1.0,1.0,1.0,1.0,1.0,0.0,1.0,1.0,0.0
438340,1.0,1.0,1.0,1.0,1.0,1.0,1.0,1.0,1.0,1.0
402266,1.0,1.0,1.0,1.0,1.0,1.0,1.0,1.0,1.0,0.0
2399030,1.0,0.0,1.0,1.0,1.0,1.0,1.0,0.0,1.0,1.0
962151,1.0,0.0,1.0,0.0,1.0,1.0,1.0,1.0,0.0,1.0
471880,1.0,1.0,0.0,1.0,1.0,1.0,1.0,1.0,1.0,1.0
1617448,1.0,1.0,0.0,1.0,1.0,1.0,1.0,1.0,1.0,1.0
1123394,0.0,0.0,0.0,0.0,1.0,1.0,0.0,0.0,0.0,0.0
400440,1.0,0.0,1.0,1.0,1.0,1.0,1.0,1.0,1.0,1.0
601317,1.0,1.0,1.0,1.0,1.0,1.0,0.0,1.0,1.0,1.0
1128178,1.0,1.0,1.0,1.0,1.0,1.0,1.0,1.0,1.0,1.0
2124351,1.0,1.0,1.0,1.0,1.0,1.0,1.0,1.0,1.0,1.0
2299661,1.0,1.0,1.0,1.0,1.0,1.0,1.0,1.0,1.0,1.0
2053250,1.0,0.0,1.0,1.0,1.0,1.0,1.0,1.0,0.0,1.0
1501943,1.0,1.0,1.0,1.0,1.0,1.0,1.0,1.0,1.0,1.0
593252,0.0,1.0,1.0,1.0,1.0,0.0,1.0,0.0,1.0,0.0
2207031,1.0,1.0,1.0,1.0,1.0,1.0,1.0,1.0,1.0,1.0
1813197,1.0,1.0,1.0,1.0,1.0,1.0,0.0,1.0,1.0,1.0
1642319,1.0,1.0,0.0,0.0,1.0,1.0,1.0,1.0,0.0,0.0
2255117,1.0,1.0,0.0,1.0,0.0,1.0,1.0,0.0,1.0,1.0
706264,1.0,1.0,0.0,1.0,1.0,1.0,1.0,0.0,1.0,0.0
695907,1.0,1.0,1.0,1.0,1.0,1.0,1.0,1.0,1.0,1.0
2285176,1.0,1.0,1.0,1.0,1.0,1.0,1.0,1.0,1.0,1.0
2618537,1.0,1.0,1.0,1.0,1.0,1.0,1.0,1.0,1.0,1.0
2597934,1.0,0.0,0.0,1.0,1.0,1.0,1.0,1.0,1.0,0.0
1488844,1.0,1.0,1.0,1.0,1.0,1.0,1.0,1.0,1.0,1.0
1528604,0.0,1.0,1.0,1.0,1.0,1.0,1.0,1.0,1.0,1.0
1210199,1.0,0.0,1.0,1.0,1.0,1.0,1.0,1.0,1.0,1.0
1351594,1.0,1.0,1.0,1.0,1.0,1.0,1.0,1.0,1.0,1.0
2569684,1.0,1.0,1.0,1.0,1.0,1.0,1.0,1.0,1.0,1.0
1195863,1.0,1.0,1.0,1.0,1.0,1.0,1.0,1.0,1.0,1.0
1018379,1.0,1.0,1.0,1.0,1.0,1.0,1.0,1.0,1.0,1.0
282654,1.0,1.0,1.0,1.0,1.0,1.0,1.0,1.0,0.0,1.0
942771,1.0,1.0,0.0,0.0,0.0,1.0,1.0,1.0,1.0,1.0
2118461,1.0,1.0,1.0,1.0,1.0,1.0,1.0,1.0,1.0,1.0
919245,1.0,0.0,1.0,1.0,1.0,1.0,1.0,1.0,1.0,1.0
380354,0.0,1.0,0.0,1.0,1.0,1.0,0.0,0.0,1.0,1.0
2012897,1.0,1.0,1.0,1.0,1.0,1.0,1.0,1.0,1.0,0.0
2428259,1.0,1.0,1.0,1.0,1.0,1.0,1.0,1.0,1.0,1.0
1986816,1.0,1.0,1.0,1.0,1.0,1.0,1.0,1.0,1.0,1.0
1551751,1.0,1.0,1.0,1.0,1.0,1.0,1.0,1.0,1.0,0.0
2511278,1.0,1.0,1.0,1.0,1.0,1.0,1.0,1.0,1.0,1.0
1392942,1.0,1.0,1.0,1.0,1.0,1.0,1.0,1.0,1.0,1.0
903666,1.0,1.0,1.0,1.0,0.0,1.0,1.0,1.0,1.0,1.0
2561713,0.0,0.0,1.0,1.0,1.0,1.0,1.0,1.0,1.0,1.0
290360,0.0,1.0,1.0,1.0,1.0,1.0,1.0,1.0,1.0,1.0
2271702,1.0,1.0,1.0,1.0,1.0,1.0,1.0,1.0,0.0,1.0
1470420,1.0,1.0,1.0,1.0,1.0,1.0,1.0,1.0,1.0,1.0
624388,1.0,1.0,1.0,1.0,1.0,1.0,1.0,1.0,1.0,1.0
529687,0.0,1.0,1.0,1.0,1.0,1.0,1.0,1.0,0.0,0.0
2573509,1.0,0.0,1.0,1.0,0.0,1.0,1.0,1.0,1.0,1.0
1262628,1.0,1.0,0.0,1.0,1.0,1.0,1.0,1.0,1.0,1.0
720503,1.0,1.0,1.0,1.0,1.0,1.0,0.0,1.0,1.0,1.0
565075,1.0,1.0,1.0,1.0,1.0,1.0,1.0,1.0,1.0,1.0
1480900,1.0,1.0,1.0,1.0,1.0,1.0,1.0,1.0,1.0,1.0
911828,1.0,1.0,1.0,1.0,1.0,1.0,1.0,1.0,1.0,1.0
942523,1.0,1.0,1.0,1.0,1.0,1.0,1.0,1.0,1.0,1.0
2602249,1.0,1.0,1.0,1.0,0.0,1.0,1.0,1.0,1.0,1.0
2025153,1.0,1.0,1.0,1.0,1.0,1.0,1.0,1.0,1.0,1.0
511883,1.0,0.0,1.0,1.0,0.0,1.0,1.0,0.0,1.0,1.0
200805,1.0,1.0,1.0,1.0,1.0,1.0,0.0,1.0,1.0,0.0
285975,1.0,1.0,1.0,1.0,1.0,1.0,1.0,1.0,1.0,1.0
764785,1.0,1.0,1.0,1.0,1.0,0.0,1.0,1.0,1.0,1.0
2606799,1.0,1.0,1.0,1.0,1.0,1.0,1.0,1.0,0.0,1.0
2250261,0.0,1.0,1.0,1.0,1.0,1.0,1.0,0.0,1.0,1.0
2279366,1.0,1.0,1.0,0.0,1.0,1.0,1.0,1.0,1.0,1.0
467182,1.0,1.0,1.0,1.0,1.0,1.0,1.0,1.0,1.0,1.0
1839500,1.0,0.0,1.0,0.0,1.0,1.0,1.0,1.0,1.0,1.0
1851429,1.0,0.0,1.0,1.0,1.0,1.0,1.0,1.0,1.0,1.0
2218735,1.0,1.0,1.0,1.0,1.0,1.0,1.0,1.0,1.0,1.0
1553054,1.0,1.0,1.0,1.0,0.0,1.0,1.0,1.0,1.0,0.0
2572690,1.0,1.0,1.0,0.0,1.0,1.0,1.0,1.0,1.0,1.0
481523,1.0,1.0,1.0,1.0,1.0,1.0,1.0,1.0,1.0,1.0
1072766,1.0,1.0,1.0,1.0,1.0,1.0,1.0,0.0,0.5,1.0
1792238,0.0,0.0,1.0,0.0,1.0,1.0,1.0,0.5,1.0,1.0
1000192,1.0,0.0,1.0,0.5,1.0,1.0,1.0,1.0,1.0,1.0
1267957,1.0,1.0,1.0,1.0,1.0,1.0,0.5,1.0,1.0,1.0
1294425,0.0,1.0,0.0,1.0,0.0,1.0,1.0,1.0,0.5,0.0
2332058,1.0,1.0,1.0,0.5,1.0,1.0,1.0,1.0,0.0,1.0
444801,1.0,1.0,1.0,0.0,1.0,0.5,0.0,1.0,1.0,1.0
288956,1.0,0.0,0.5,1.0,1.0,1.0,1.0,1.0,1.0,1.0
804602,1.0,1.0,1.0,1.0,0.5,1.0,1.0,1.0,1.0,1.0
2013958,1.0,1.0,1.0,1.0,1.0,1.0,1.0,0.0,1.0,0.5
596918,1.0,1.0,1.0,0.5,1.0,1.0,1.0,1.0,0.0,0.0
1172958,1.0,1.0,1.0,1.0,0.5,1.0,1.0,1.0,0.0,1.0
1178902,1.0,1.0,1.0,1.0,1.0,0.0,1.0,1.0,0.5,1.0
761787,1.0,0.0,0.0,1.0,0.0,1.0,1.0,1.0,1.0,0.5
1323821,0.5,0.0,1.0,1.0,1.0,1.0,0.0,1.0,1.0,1.0
47075,1.0,1.0,1.0,0.5,1.0,1.0,1.0,1.0,1.0,1.0
2276659,0.0,0.0,0.5,1.0,0.0,1.0,1.0,0.0,1.0,1.0
2634348,1.0,1.0,0.5,1.0,0.0,1.0,1.0,0.0,1.0,1.0
1327885,1.0,1.0,1.0,1.0,1.0,1.0,1.0,0.5,0.0,1.0
2421283,1.0,1.0,1.0,1.0,0.0,1.0,1.0,1.0,0.5,0.0
2480287,1.0,1.0,1.0,1.0,0.0,1.0,0.5,1.0,0.0,1.0
2319023,1.0,0.5,1.0,1.0,1.0,1.0,1.0,1.0,1.0,1.0
1720424,1.0,0.5,0.0,1.0,1.0,1.0,1.0,1.0,1.0,1.0
1081292,1.0,0.5,1.0,1.0,0.0,1.0,1.0,0.0,1.0,1.0
2234889,1.0,1.0,1.0,1.0,1.0,1.0,1.0,1.0,0.5,1.0
2139083,0.5,1.0,1.0,1.0,1.0,1.0,1.0,1.0,1.0,1.0
2198123,1.0,1.0,1.0,0.5,1.0,1.0,1.0,1.0,1.0,1.0
2617170,1.0,0.0,1.0,1.0,1.0,0.5,1.0,1.0,1.0,1.0
2061246,1.0,1.0,1.0,1.0,1.0,1.0,1.0,1.0,0.5,1.0
717972,1.0,0.0,0.0,0.5,1.0,1.0,1.0,1.0,1.0,0.0
2174688,0.0,1.0,1.0,0.0,1.0,1.0,1.0,0.0,0.0,0.5
2607433,1.0,0.0,1.0,1.0,0.5,1.0,1.0,1.0,1.0,0.0
636273,1.0,0.0,0.0,1.0,0.0,0.0,1.0,0.0,1.0,0.5
1006655,1.0,1.0,1.0,0.5,1.0,1.0,1.0,1.0,0.0,1.0
397898,1.0,1.0,1.0,0.5,1.0,1.0,1.0,1.0,1.0,1.0
340479,1.0,1.0,1.0,0.0,1.0,1.0,0.0,0.5,0.0,0.0
2456635,0.5,1.0,0.0,1.0,1.0,1.0,1.0,1.0,1.0,0.0
928481,1.0,1.0,1.0,1.0,0.5,1.0,1.0,0.0,0.0,1.0
785931,0.5,1.0,1.0,1.0,1.0,1.0,1.0,1.0,1.0,1.0
2634967,1.0,1.0,1.0,1.0,0.0,1.0,0.5,1.0,0.0,0.0
593886,1.0,1.0,1.0,1.0,0.0,1.0,1.0,1.0,0.0,0.5
2470021,1.0,0.0,0.0,1.0,1.0,1.0,0.5,1.0,0.0,1.0
811357,1.0,0.0,0.5,1.0,1.0,0.0,1.0,1.0,1.0,1.0
392651,1.0,1.0,1.0,1.0,0.5,1.0,1.0,0.0,1.0,1.0
1173289,1.0,0.0,0.0,0.0,0.0,1.0,1.0,0.0,0.5,1.0
2078947,1.0,1.0,1.0,1.0,1.0,1.0,1.0,1.0,0.5,1.0
2294397,1.0,1.0,0.5,1.0,1.0,1.0,1.0,1.0,1.0,1.0
2247454,1.0,1.0,1.0,1.0,1.0,1.0,1.0,0.5,1.0,0.0
764583,1.0,1.0,1.0,0.0,1.0,1.0,1.0,0.5,1.0,0.0
1935793,1.0,0.5,0.0,1.0,1.0,1.0,1.0,1.0,0.0,1.0
1670875,0.0,1.0,0.0,0.5,0.0,1.0,0.0,1.0,1.0,1.0
825353,1.0,1.0,1.0,1.0,0.5,1.0,1.0,1.0,1.0,1.0
2569071,1.0,1.0,1.0,0.0,0.5,1.0,1.0,1.0,1.0,1.0
1863477,1.0,0.0,1.0,0.0,0.5,1.0,1.0,1.0,0.0,1.0
1144968,0.5,0.0,1.0,0.0,1.0,1.0,1.0,1.0,1.0,1.0
1843168,1.0,0.0,1.0,1.0,1.0,1.0,1.0,1.0,1.0,0.5
22670,1.0,1.0,1.0,1.0,1.0,1.0,1.0,1.0,0.5,1.0
70483,0.5,0.0,1.0,1.0,1.0,1.0,1.0,1.0,1.0,1.0
912999,1.0,0.0,1.0,0.5,1.0,0.0,0.0,1.0,1.0,0.0
878148,0.0,1.0,0.0,1.0,0.0,1.0,0.5,1.0,1.0,1.0
1207990,1.0,0.5,0.0,1.0,1.0,1.0,1.0,0.0,1.0,1.0
2243423,1.0,1.0,1.0,0.5,1.0,1.0,1.0,1.0,1.0,1.0
1326360,1.0,1.0,1.0,1.0,0.5,1.0,1.0,1.0,1.0,1.0
1795018,0.0,0.0,1.0,1.0,1.0,1.0,0.5,1.0,1.0,1.0
1203925,1.0,1.0,1.0,1.0,0.5,1.0,1.0,1.0,0.0,0.0
304879,1.0,1.0,1.0,0.0,1.0,1.0,1.0,1.0,1.0,0.5
860599,1.0,1.0,1.0,1.0,1.0,1.0,1.0,1.0,1.0,0.5
618551,1.0,1.0,1.0,1.0,1.0,1.0,1.0,1.0,1.0,0.5
2032601,1.0,1.0,1.0,1.0,1.0,1.0,1.0,1.0,0.5,1.0
445423,1.0,0.0,1.0,0.0,1.0,1.0,1.0,0.0,0.5,1.0
1437519,0.0,1.0,0.0,1.0,1.0,1.0,0.0,0.0,0.5,0.0
1287017,1.0,1.0,1.0,1.0,1.0,1.0,0.5,1.0,1.0,1.0
429045,1.0,1.0,1.0,1.0,1.0,1.0,0.5,1.0,0.0,1.0
1902609,1.0,0.0,0.5,1.0,1.0,1.0,1.0,1.0,1.0,1.0
1427380,1.0,0.0,1.0,1.0,1.0,1.0,0.5,0.0,0.0,1.0
1284016,0.0,1.0,1.0,1.0,0.0,1.0,1.0,0.5,1.0,1.0
933206,1.0,1.0,0.0,1.0,1.0,1.0,0.5,1.0,0.0,1.0
2356911,1.0,1.0,0.0,0.0,1.0,1.0,1.0,0.0,1.0,0.5
1621025,1.0,0.0,1.0,1.0,1.0,1.0,0.5,1.0,1.0,1.0
1566775,1.0,1.0,1.0,1.0,1.0,1.0,1.0,1.0,0.5,1.0
364517,1.0,1.0,1.0,1.0,0.5,1.0,1.0,1.0,1.0,1.0
2610031,1.0,1.0,1.0,1.0,1.0,1.0,1.0,1.0,0.5,1.0
1160024,1.0,1.0,1.0,0.5,0.0,1.0,1.0,1.0,1.0,1.0
1551945,1.0,1.0,1.0,1.0,0.5,1.0,1.0,1.0,1.0,1.0
873713,1.0,1.0,1.0,1.0,1.0,1.0,0.5,1.0,1.0,1.0
2104443,1.0,1.0,1.0,1.0,1.0,1.0,1.0,1.0,1.0,0.5
831272,1.0,1.0,1.0,1.0,1.0,0.0,1.0,1.0,0.5,1.0
1262971,1.0,1.0,1.0,1.0,1.0,1.0,0.5,1.0,1.0,1.0
750677,1.0,1.0,0.5,1.0,1.0,0.0,1.0,1.0,1.0,1.0
2163438,1.0,1.0,0.0,1.0,1.0,1.0,1.0,1.0,0.5,1.0
208724,1.0,1.0,0.5,1.0,1.0,1.0,1.0,1.0,1.0,1.0
1032488,0.0,1.0,1.0,0.5,1.0,1.0,1.0,0.0,0.0,1.0
86365,1.0,1.0,1.0,0.5,1.0,1.0,1.0,1.0,1.0,1.0
1080872,1.0,1.0,1.0,0.5,1.0,1.0,1.0,1.0,0.0,1.0
935453,1.0,1.0,1.0,1.0,0.5,1.0,1.0,1.0,1.0,1.0
1161725,1.0,1.0,1.0,1.0,1.0,1.0,1.0,0.5,1.0,1.0
1036641,1.0,1.0,1.0,1.0,1.0,1.0,1.0,1.0,0.5,1.0
286106,1.0,1.0,1.0,0.5,1.0,0.0,1.0,1.0,1.0,1.0
459277,1.0,0.0,0.5,1.0,0.0,1.0,1.0,1.0,1.0,1.0
2216056,1.0,1.0,0.5,1.0,1.0,1.0,0.0,1.0,1.0,1.0
2432893,1.0,1.0,0.5,1.0,1.0,1.0,1.0,0.0,0.0,1.0
1370255,1.0,1.0,0.0,0.0,1.0,1.0,0.5,0.0,1.0,0.0
554587,1.0,1.0,1.0,1.0,1.0,1.0,1.0,1.0,0.5,1.0
1241060,1.0,1.0,1.0,1.0,1.0,1.0,1.0,1.0,1.0,0.5
823101,1.0,1.0,0.5,1.0,1.0,1.0,1.0,1.0,1.0,1.0
2315211,1.0,0.0,0.0,1.0,1.0,1.0,0.5,1.0,1.0,1.0
1456657,1.0,1.0,1.0,1.0,0.0,1.0,1.0,1.0,1.0,0.5
389391,0.5,1.0,1.0,1.0,1.0,1.0,1.0,1.0,1.0,1.0
1196022,1.0,1.0,1.0,1.0,0.5,1.0,1.0,1.0,1.0,1.0
2299681,1.0,1.0,1.0,0.0,0.0,1.0,1.0,1.0,0.5,1.0
2522148,1.0,1.0,1.0,0.5,1.0,1.0,1.0,1.0,1.0,1.0
123823,1.0,1.0,1.0,0.0,1.0,1.0,0.5,1.0,1.0,1.0
2506564,1.0,1.0,1.0,1.0,1.0,1.0,1.0,1.0,0.5,1.0
2510262,1.0,1.0,1.0,1.0,1.0,1.0,1.0,1.0,1.0,0.5
987078,1.0,1.0,1.0,1.0,0.5,1.0,1.0,1.0,1.0,1.0
2263991,1.0,1.0,1.0,1.0,1.0,1.0,0.5,1.0,1.0,1.0
1431636,1.0,0.0,1.0,1.0,0.5,1.0,1.0,0.0,0.0,0.0
290874,1.0,0.0,1.0,0.0,1.0,1.0,1.0,0.0,0.5,1.0
1501761,1.0,0.0,1.0,1.0,1.0,1.0,1.0,1.0,0.5,1.0
1420709,1.0,1.0,1.0,1.0,0.5,1.0,1.0,1.0,1.0,1.0
412805,1.0,1.0,1.0,1.0,0.5,1.0,1.0,1.0,0.0,1.0
744698,1.0,1.0,0.5,1.0,1.0,1.0,1.0,1.0,0.0,1.0
2001296,1.0,1.0,0.0,1.0,1.0,0.5,1.0,1.0,1.0,0.0
2278535,1.0,0.0,0.5,1.0,1.0,1.0,1.0,1.0,1.0,1.0
2124138,1.0,1.0,1.0,1.0,0.5,1.0,1.0,1.0,1.0,0.0
2206659,1.0,1.0,1.0,1.0,0.5,1.0,1.0,1.0,1.0,1.0
326804,1.0,0.0,0.0,1.0,1.0,1.0,1.0,1.0,0.0,0.5
1916244,1.0,1.0,1.0,0.0,1.0,1.0,1.0,1.0,1.0,0.5
2101803,1.0,1.0,1.0,1.0,1.0,1.0,0.0,1.0,0.5,1.0
2030708,1.0,0.0,1.0,0.5,0.0,1.0,1.0,1.0,0.0,1.0
962631,1.0,1.0,1.0,1.0,1.0,1.0,1.0,1.0,1.0,0.5
41724,0.0,1.0,1.0,0.5,1.0,1.0,1.0,1.0,1.0,1.0
294406,1.0,1.0,1.0,1.0,0.0,1.0,0.5,1.0,1.0,1.0
2223273,1.0,0.0,1.0,1.0,1.0,1.0,1.0,1.0,1.0,0.5
1097721,1.0,1.0,1.0,1.0,0.5,1.0,1.0,1.0,1.0,1.0
1929487,1.0,1.0,1.0,1.0,0.5,1.0,1.0,1.0,1.0,0.0
2571175,1.0,0.0,1.0,1.0,1.0,1.0,1.0,1.0,0.5,1.0
884944,0.0,1.0,1.0,1.0,1.0,0.0,1.0,1.0,1.0,0.5
1091336,1.0,1.0,1.0,1.0,1.0,1.0,1.0,1.0,0.5,0.0
1595644,1.0,1.0,0.0,1.0,1.0,0.0,0.5,0.0,1.0,0.0
742086,1.0,0.0,1.0,1.0,1.0,0.5,1.0,0.0,0.0,0.0
2496492,1.0,0.0,0.0,1.0,1.0,1.0,1.0,0.0,1.0,0.5
2338157,1.0,0.0,1.0,1.0,1.0,1.0,1.0,1.0,0.5,0.0
2245510,1.0,0.0,1.0,1.0,1.0,1.0,1.0,1.0,1.0,0.5
1738133,1.0,0.0,1.0,1.0,1.0,1.0,1.0,0.5,1.0,1.0
2455,1.0,1.0,1.0,1.0,1.0,1.0,0.5,1.0,1.0,1.0
433661,1.0,1.0,1.0,1.0,0.0,0.0,1.0,0.0,1.0,0.5
1609975,0.5,1.0,1.0,1.0,1.0,1.0,1.0,1.0,1.0,1.0
30873,1.0,1.0,1.0,0.5,1.0,1.0,1.0,1.0,1.0,1.0
441442,1.0,1.0,1.0,1.0,1.0,1.0,1.0,1.0,1.0,0.5
1592086,1.0,1.0,1.0,1.0,0.5,1.0,1.0,1.0,1.0,1.0
1144870,1.0,1.0,1.0,1.0,1.0,1.0,0.5,1.0,0.0,1.0
216059,1.0,0.0,1.0,0.5,1.0,0.0,1.0,0.0,0.0,0.0
2020252,1.0,0.0,1.0,1.0,1.0,1.0,1.0,1.0,0.5,1.0
1292165,1.0,0.0,0.5,1.0,1.0,1.0,1.0,1.0,1.0,0.0
1204323,1.0,1.0,1.0,1.0,0.0,1.0,1.0,1.0,0.5,1.0
2077046,0.5,1.0,1.0,1.0,1.0,1.0,1.0,1.0,0.0,1.0
1556692,1.0,1.0,0.0,0.0,1.0,1.0,0.0,1.0,0.0,0.5
998506,1.0,1.0,1.0,1.0,1.0,1.0,0.5,1.0,1.0,1.0
2513157,1.0,1.0,1.0,1.0,1.0,1.0,1.0,1.0,0.5,1.0
2442028,0.5,1.0,1.0,1.0,1.0,1.0,1.0,1.0,1.0,1.0
2188684,0.5,1.0,1.0,1.0,1.0,1.0,1.0,1.0,1.0,1.0
1187765,1.0,1.0,1.0,1.0,1.0,0.0,1.0,1.0,1.0,0.5
1490567,1.0,1.0,1.0,1.0,1.0,1.0,1.0,1.0,0.5,1.0
355834,1.0,1.0,1.0,1.0,0.0,1.0,0.5,1.0,1.0,1.0
1087551,1.0,1.0,1.0,1.0,1.0,0.0,0.0,0.0,0.5,1.0
1617675,1.0,1.0,0.0,1.0,1.0,1.0,1.0,1.0,1.0,0.5
1038488,1.0,0.0,0.0,0.5,1.0,1.0,1.0,1.0,0.0,0.0
361702,1.0,1.0,0.0,1.0,0.0,0.0,0.5,1.0,1.0,1.0
287695,1.0,1.0,1.0,1.0,1.0,1.0,1.0,1.0,0.0,0.5
262633,1.0,1.0,1.0,1.0,1.0,1.0,0.5,1.0,1.0,0.0
819822,1.0,1.0,1.0,1.0,0.5,1.0,1.0,1.0,0.0,0.0
559753,0.5,1.0,0.0,1.0,1.0,1.0,1.0,1.0,1.0,1.0
1934347,0.5,0.0,1.0,1.0,1.0,1.0,1.0,0.0,1.0,1.0
1643961,1.0,1.0,1.0,0.5,1.0,1.0,1.0,1.0,1.0,1.0
2454662,1.0,1.0,1.0,1.0,0.0,1.0,1.0,0.5,1.0,1.0
592445,1.0,0.0,1.0,1.0,1.0,1.0,1.0,1.0,1.0,0.5
2576648,1.0,1.0,0.5,1.0,1.0,1.0,1.0,0.0,1.0,0.0
2633545,1.0,0.0,1.0,0.0,0.0,0.5,1.0,1.0,1.0,1.0
322451,1.0,1.0,0.5,1.0,1.0,1.0,1.0,1.0,1.0,1.0
1151120,1.0,0.0,1.0,1.0,0.5,1.0,1.0,1.0,0.0,1.0
1089692,1.0,0.0,1.0,1.0,0.0,1.0,0.5,0.0,1.0,1.0
2147714,1.0,0.0,1.0,1.0,1.0,0.0,1.0,1.0,1.0,0.5
1887749,1.0,0.0,1.0,1.0,0.0,1.0,1.0,1.0,0.5,1.0
1651763,0.0,0.0,0.0,1.0,1.0,1.0,0.5,1.0,0.0,0.0
1621023,1.0,1.0,1.0,1.0,0.0,1.0,0.5,1.0,1.0,1.0
1871161,0.0,1.0,1.0,0.0,1.0,1.0,1.0,0.0,0.5,1.0
748028,1.0,0.0,0.0,0.0,1.0,1.0,1.0,0.5,1.0,0.0
1018210,1.0,0.0,0.0,1.0,0.5,1.0,1.0,1.0,1.0,1.0
1611857,1.0,1.0,1.0,1.0,0.5,1.0,0.0,1.0,1.0,0.0
1982465,1.0,0.0,1.0,1.0,0.0,1.0,0.5,1.0,0.0,1.0
1775187,1.0,0.0,1.0,0.0,1.0,1.0,1.0,1.0,0.5,1.0
1262684,1.0,1.0,1.0,1.0,1.0,1.0,0.5,1.0,0.0,1.0
1790903,1.0,0.0,1.0,1.0,0.5,1.0,1.0,1.0,1.0,0.0
663654,1.0,1.0,1.0,1.0,1.0,1.0,0.5,1.0,1.0,1.0
2353376,1.0,1.0,1.0,1.0,0.0,1.0,0.0,1.0,0.5,0.0
915898,0.5,1.0,1.0,0.0,1.0,1.0,1.0,1.0,1.0,1.0
519520,1.0,1.0,1.0,1.0,1.0,1.0,1.0,1.0,0.5,1.0
2355625,1.0,0.0,1.0,1.0,0.0,1.0,0.5,1.0,0.0,0.0
2394704,1.0,0.0,1.0,1.0,1.0,1.0,1.0,1.0,0.5,0.0
50075,1.0,1.0,1.0,1.0,0.5,1.0,1.0,1.0,1.0,1.0
628251,1.0,1.0,1.0,1.0,0.5,1.0,1.0,1.0,1.0,0.0
1007545,1.0,1.0,1.0,1.0,1.0,1.0,0.5,1.0,1.0,1.0
1203991,1.0,1.0,1.0,1.0,1.0,1.0,1.0,1.0,0.5,1.0
2414992,1.0,1.0,1.0,1.0,0.5,1.0,1.0,1.0,1.0,1.0
1101438,1.0,0.0,1.0,1.0,1.0,1.0,1.0,1.0,1.0,0.5
2304943,1.0,1.0,1.0,1.0,0.0,1.0,0.5,1.0,1.0,0.0
2206151,1.0,0.5,0.0,1.0,1.0,1.0,1.0,0.0,1.0,1.0
1658953,1.0,0.0,1.0,1.0,1.0,1.0,0.0,0.0,0.0,0.5
2262258,1.0,1.0,1.0,1.0,1.0,1.0,1.0,1.0,0.5,1.0
341649,1.0,1.0,1.0,1.0,0.0,1.0,1.0,0.0,0.5,0.0
479898,1.0,1.0,0.0,1.0,1.0,1.0,0.0,0.5,1.0,0.0
679222,1.0,1.0,1.0,0.0,1.0,0.0,0.5,1.0,1.0,1.0
609629,0.0,1.0,1.0,1.0,0.0,1.0,1.0,1.0,0.5,1.0
813521,1.0,1.0,1.0,0.5,1.0,1.0,1.0,1.0,1.0,1.0
1953066,1.0,1.0,0.0,1.0,1.0,0.5,1.0,1.0,0.0,1.0
2051329,1.0,1.0,1.0,1.0,0.0,1.0,1.0,0.5,1.0,1.0
1457172,1.0,0.0,1.0,1.0,1.0,1.0,1.0,1.0,1.0,0.5
2629184,1.0,1.0,1.0,0.5,1.0,1.0,1.0,1.0,1.0,1.0
1040475,1.0,1.0,1.0,0.5,1.0,1.0,1.0,1.0,1.0,1.0
2297074,1.0,0.0,0.5,1.0,1.0,1.0,1.0,1.0,1.0,0.0
857273,1.0,1.0,1.0,1.0,1.0,1.0,1.0,0.0,1.0,0.5
2571860,1.0,1.0,1.0,1.0,1.0,1.0,1.0,0.5,1.0,0.0
142492,1.0,0.0,1.0,0.0,1.0,1.0,1.0,0.5,1.0,0.0
947574,1.0,1.0,1.0,1.0,1.0,1.0,0.5,1.0,1.0,1.0
1226957,1.0,1.0,1.0,1.0,1.0,1.0,1.0,1.0,1.0,0.5
1359882,1.0,1.0,1.0,1.0,0.5,1.0,1.0,1.0,1.0,1.0
1612558,1.0,0.0,1.0,1.0,0.5,1.0,0.0,1.0,0.0,1.0
1551591,1.0,1.0,1.0,1.0,0.5,1.0,1.0,1.0,1.0,1.0
1616135,0.5,1.0,0.0,1.0,1.0,1.0,1.0,1.0,1.0,1.0
2360665,1.0,1.0,0.5,1.0,1.0,1.0,1.0,1.0,0.0,1.0
2251831,0.0,1.0,1.0,0.5,0.0,1.0,0.0,1.0,0.0,1.0
2407208,1.0,1.0,1.0,1.0,1.0,1.0,1.0,1.0,0.5,1.0
1875549,1.0,1.0,0.5,0.0,1.0,1.0,1.0,0.0,1.0,0.0
2598035,1.0,1.0,1.0,0.0,0.5,1.0,1.0,1.0,0.0,1.0
48915,1.0,1.0,1.0,0.5,1.0,0.0,1.0,1.0,1.0,1.0
754161,1.0,1.0,1.0,1.0,1.0,1.0,1.0,0.5,1.0,1.0
1685049,1.0,1.0,1.0,0.5,1.0,1.0,1.0,1.0,1.0,1.0
84721,1.0,0.0,1.0,1.0,1.0,0.5,1.0,1.0,1.0,0.0
884078,1.0,1.0,1.0,1.0,0.0,1.0,1.0,1.0,1.0,0.5
1416455,1.0,0.0,0.5,1.0,0.0,1.0,1.0,1.0,1.0,1.0
479781,1.0,0.5,0.0,1.0,0.0,1.0,1.0,1.0,1.0,0.0
657985,1.0,1.0,1.0,1.0,1.0,1.0,1.0,1.0,0.5,1.0
2075165,1.0,1.0,0.0,1.0,0.5,0.0,1.0,1.0,0.0,1.0
2482502,1.0,1.0,1.0,1.0,1.0,1.0,0.0,0.5,0.0,0.0
1179235,1.0,1.0,1.0,0.5,1.0,1.0,1.0,1.0,1.0,0.0
1288835,1.0,0.0,0.0,1.0,0.0,0.0,1.0,0.5,0.0,1.0
1867416,0.0,1.0,0.0,0.0,1.0,1.0,1.0,1.0,0.0,0.5
1865216,1.0,1.0,1.0,1.0,1.0,1.0,0.5,1.0,1.0,1.0
716096,1.0,1.0,0.5,1.0,1.0,1.0,1.0,1.0,1.0,1.0
2447769,1.0,1.0,1.0,1.0,1.0,1.0,1.0,1.0,0.5,1.0
2524267,1.0,1.0,1.0,1.0,0.5,1.0,1.0,0.0,1.0,1.0
440463,1.0,1.0,1.0,1.0,1.0,1.0,1.0,1.0,0.5,1.0
948541,1.0,0.0,1.0,1.0,0.0,1.0,0.5,1.0,1.0,1.0
2327386,1.0,1.0,1.0,1.0,1.0,1.0,0.5,0.0,0.0,1.0
738747,1.0,1.0,1.0,1.0,1.0,1.0,1.0,0.5,1.0,0.0
249471,1.0,0.0,1.0,1.0,1.0,1.0,1.0,0.5,1.0,1.0
472021,1.0,1.0,1.0,0.5,1.0,1.0,1.0,1.0,1.0,0.0
823520,1.0,0.0,0.0,1.0,1.0,1.0,0.5,1.0,1.0,1.0
1981151,1.0,0.0,1.0,0.5,0.0,1.0,1.0,1.0,1.0,1.0
1553270,1.0,1.0,1.0,1.0,0.5,1.0,1.0,1.0,1.0,0.0
437955,1.0,1.0,1.0,1.0,1.0,1.0,0.5,1.0,1.0,1.0
2239213,1.0,1.0,0.0,0.0,0.5,1.0,1.0,0.0,0.0,1.0
282427,1.0,0.0,1.0,1.0,0.5,1.0,1.0,1.0,1.0,1.0
1719554,1.0,1.0,1.0,1.0,1.0,1.0,0.5,1.0,0.0,1.0
1282217,1.0,0.0,0.0,1.0,1.0,1.0,0.5,0.0,1.0,1.0
2160085,1.0,1.0,0.5,1.0,1.0,1.0,0.0,1.0,1.0,1.0
237286,1.0,1.0,0.5,1.0,0.0,1.0,1.0,0.0,0.0,1.0
1602857,1.0,1.0,1.0,0.5,0.0,1.0,1.0,1.0,1.0,1.0
464774,0.0,0.0,1.0,1.0,0.0,1.0,1.0,0.0,0.0,0.5
1940764,1.0,1.0,1.0,1.0,1.0,0.0,1.0,1.0,1.0,0.5
644045,1.0,1.0,1.0,1.0,1.0,1.0,0.5,1.0,1.0,1.0
2217027,1.0,1.0,1.0,1.0,0.0,1.0,1.0,1.0,0.5,0.0
2180413,1.0,0.5,1.0,1.0,1.0,1.0,1.0,1.0,0.0,1.0
1338823,1.0,1.0,1.0,0.5,0.0,1.0,1.0,1.0,1.0,1.0
1727111,1.0,1.0,0.0,1.0,0.5,1.0,1.0,0.0,1.0,1.0
1111007,1.0,1.0,0.0,0.0,1.0,1.0,1.0,1.0,1.0,0.5
955706,1.0,1.0,1.0,1.0,0.5,1.0,1.0,1.0,1.0,1.0
1444489,1.0,0.0,0.0,1.0,1.0,1.0,1.0,1.0,1.0,0.5
835265,1.0,1.0,0.5,0.0,0.0,1.0,0.0,1.0,0.0,1.0
761476,0.5,1.0,1.0,1.0,1.0,1.0,1.0,1.0,1.0,1.0
1273985,1.0,1.0,0.0,1.0,1.0,1.0,1.0,1.0,1.0,0.5
1296163,1.0,0.0,0.0,1.0,0.5,1.0,1.0,0.0,1.0,1.0
312706,1.0,1.0,1.0,0.5,1.0,1.0,1.0,1.0,0.0,1.0
2147527,0.0,1.0,0.0,1.0,1.0,1.0,1.0,0.5,1.0,1.0
1809912,1.0,1.0,1.0,1.0,1.0,1.0,1.0,0.5,1.0,1.0
2234535,1.0,0.0,1.0,1.0,1.0,1.0,0.5,1.0,0.0,1.0
1280149,1.0,0.0,1.0,1.0,0.0,1.0,0.5,0.0,0.0,0.0
683427,1.0,1.0,1.0,1.0,0.0,1.0,1.0,0.5,1.0,1.0
692048,1.0,0.0,0.0,1.0,0.5,1.0,1.0,1.0,0.0,0.0
1054783,1.0,1.0,1.0,0.5,1.0,1.0,1.0,1.0,1.0,1.0
378784,1.0,0.0,1.0,1.0,1.0,0.0,1.0,0.5,1.0,0.0
555528,1.0,1.0,0.5,0.0,1.0,1.0,1.0,1.0,1.0,1.0
2242333,0.0,1.0,1.0,0.0,1.0,0.0,0.0,1.0,1.0,0.5
801513,1.0,1.0,1.0,1.0,1.0,1.0,0.5,1.0,1.0,1.0
2604897,0.0,1.0,1.0,0.0,1.0,1.0,0.5,1.0,1.0,0.0
2226005,0.0,1.0,1.0,1.0,0.5,1.0,1.0,1.0,1.0,1.0
872408,1.0,1.0,1.0,1.0,1.0,1.0,1.0,0.5,1.0,0.0
1860246,1.0,1.0,1.0,1.0,0.5,1.0,1.0,1.0,1.0,1.0
129845,1.0,1.0,0.5,1.0,1.0,1.0,1.0,1.0,1.0,1.0
505713,1.0,1.0,1.0,1.0,0.0,0.0,0.5,1.0,1.0,1.0
734269,1.0,1.0,1.0,0.5,0.0,1.0,0.0,1.0,1.0,1.0
1249490,1.0,1.0,1.0,1.0,1.0,1.0,1.0,1.0,1.0,0.5
2096942,1.0,0.0,0.0,1.0,0.0,1.0,1.0,0.5,0.0,0.0
1190685,1.0,0.0,0.5,1.0,0.0,1.0,1.0,1.0,1.0,0.0
193838,1.0,1.0,0.5,1.0,1.0,0.0,1.0,0.0,1.0,1.0
2297136,1.0,1.0,0.0,1.0,0.0,0.0,0.5,1.0,1.0,1.0
1385580,1.0,1.0,0.0,1.0,1.0,0.0,1.0,0.5,1.0,0.0
