id,2095,3385,2953,2499,2430,483,758,2594,705,2800
2061495,1,0,0,0,1,1,0.5,1,1,1
438340,0,1,1,0,1,0.5,1,0.5,1,1
2519865,1,0.5,0.5,0.5,1,1,1,0.5,1,1
388514,0,1,1,1,0.5,0.5,0.5,1,1,1
2181504,1,0,1,1,0,1,0.5,1,1,0
1042938,0.5,1,1,0.5,1,0.5,1,0.5,1,1
1223912,1,0,1,0.5,0.5,1,1,0.5,1,1
863227,0,1,0,0,1,1,0.5,1,1,1
1745107,1,1,0.5,0.5,1,1,0.5,1,1,0.5
1722187,1,1,0.5,0.5,1,1,0.5,0.5,1,1
476512,1,1,0.5,1,1,0.5,1,1,0.5,0
1300759,0.5,1,0.5,1,1,1,0.5,0.5,1,0.5
1562633,0.5,1,1,0.5,1,0.5,0.5,1,1,1
486798,1,1,0.5,1,1,0.5,1,0.5,0.5,0.5
1807166,1,0,1,1,1,1,0.5,0.5,0.5,1
1457728,0.5,1,0.5,1,1,0.5,0.5,0.5,1,0.5
2115908,1,1,0.5,1,0.5,1,0.5,1,1,0.5
2315135,1,0.5,1,0,1,1,0.5,0,1,1
1616870,1,1,1,0,0.5,1,1,1,0.5,0
397923,1,1,0.5,1,1,1,0.5,0,0.5,1
1832073,1,0.5,0,0.5,1,0,1,1,0.5,1
1571565,0,0.5,1,1,1,1,0.5,1,0.5,1
201707,0.5,0,0.5,1,1,1,0.5,1,1,1
10268,1,0,1,1,1,1,0.5,0.5,0.5,0.5
1156244,0.5,1,1,1,0.5,1,1,0.5,0.5,1
844028,0.5,1,0.5,1,0.5,1,0.5,0.5,1,1
1964597,1,1,0.5,0.5,1,0.5,0.5,1,1,1
1617448,1,0.5,0,1,1,1,0.5,0.5,0.5,1
2535052,1,0.5,0.5,1,1,1,1,0,1,0.5
2227455,1,1,0,0.5,1,1,0.5,1,1,0.5
1865100,1,1,0.5,0.5,1,1,1,0.5,0.5,0.5
1267586,1,1,1,0.5,1,0.5,0.5,0.5,0.5,1
2503887,1,1,0.5,1,0.5,1,1,0,1,0.5
1210199,1,1,1,1,0.5,0.5,0.5,0.5,1,1
1371238,1,1,0,1,1,0.5,1,0.5,0,1
1334401,1,0,0,1,1,0.5,1,1,1,0
647691,1,1,1,1,0.5,0.5,0.5,1,0,1
1667739,0.5,1,0.5,1,0.5,1,0.5,1,1,1
702403,1,1,0.5,1,1,1,0.5,0.5,0.5,1
1791019,1,0.5,1,1,0.5,0.5,0.5,1,1,0.5
1388216,1,0.5,1,0,1,1,0.5,0.5,0.5,1
2356355,1,0.5,0,1,1,0.5,0.5,1,1,1
1762695,1,0,1,1,1,1,0.5,0,0.5,0.5
2466682,1,0.5,1,1,1,0.5,1,0.5,1,0.5
1211016,0.5,1,1,0,1,1,0.5,1,0.5,0
744875,0.5,0.5,1,0.5,1,0.5,0.5,1,1,0.5
769887,1,0.5,1,1,0.5,1,0.5,1,1,0.5
2450433,0.5,0.5,0,0.5,0.5,1,1,1,1,0.5
835271,1,0,1,1,0,1,1,0.5,1,0.5
1102923,1,0.5,0,1,1,1,0.5,0.5,1,1
699593,0.5,0.5,1,1,0.5,0.5,1,1,0.5,1
2562900,0.5,0.5,0.5,0.5,1,1,1,1,1,1
326502,0.5,0.5,1,0,1,0.5,1,1,1,1
2331938,0.5,0.5,1,1,0.5,1,0.5,1,0.5,1
301086,1,1,0.5,0,1,0.5,1,1,0.5,0
2315130,1,1,0.5,0.5,1,1,0.5,0.5,1,1
2580353,1,1,1,1,1,1,0.5,0.5,0.5,0
1424768,0,1,0,0,1,1,0.5,1,1,0
262411,0.5,1,1,0.5,0.5,0.5,0.5,0.5,1,1
136058,0.5,1,0,0,1,0.5,1,1,1,0
265257,1,0,0,0,1,0.5,0.5,1,1,1
99844,1,0.5,1,0,1,0.5,0.5,0.5,0.5,1
1783225,1,1,1,0.5,0.5,0.5,0.5,1,1,1
1154027,0.5,0.5,0.5,1,1,0.5,1,0.5,1,0.5
472734,1,0,1,1,1,0.5,1,0.5,1,0
415253,1,1,1,0,1,0.5,1,0.5,0.5,1
609742,1,0.5,1,1,1,0.5,0.5,1,0.5,1
1669465,0.5,1,1,1,1,0.5,0.5,1,1,0.5
183674,0.5,1,0.5,1,0,1,0.5,1,1,1
1980663,0.5,0.5,1,1,1,0.5,0.5,0.5,1,1
2481827,1,0.5,0.5,0.5,0.5,1,0.5,1,1,1
272840,1,0,1,0.5,1,0.5,1,0.5,0,0.5
830855,0,1,0,0,1,0.5,1,1,1,1
2465288,1,0.5,0.5,1,1,1,0.5,0.5,0.5,1
246686,1,0.5,0.5,1,1,0.5,1,1,0,0
92786,0,0,1,1,1,1,0.5,0.5,0.5,1
888617,1,1,0.5,1,0.5,0.5,0.5,1,1,1
775171,1,0.5,0.5,1,1,0.5,1,0,0.5,1
2083367,0.5,1,1,1,0.5,0.5,0.5,1,0.5,1
433641,1,0.5,0.5,1,1,0.5,1,1,1,0.5
452667,0,1,0,0,1,1,0.5,1,1,1
2184768,1,1,1,1,0.5,0.5,1,0.5,0.5,1
673187,1,1,0,1,0,1,1,0.5,0.5,1
2588107,1,1,1,0.5,1,1,0.5,0.5,0.5,1
1505821,0.5,0.5,1,1,1,1,0.5,0.5,1,1
1538119,0.5,0.5,0,1,1,0.5,0.5,0,1,1
878073,1,1,0,0,1,1,1,1,0.5,0.5
2049734,1,1,1,0.5,1,1,0.5,0.5,0,0.5
649969,1,0.5,0.5,1,1,0.5,0.5,1,0.5,0
1859573,0.5,0,1,0,1,0.5,1,1,0,1
768724,0.5,1,1,1,1,1,1,0.5,0.5,0
1266589,1,0.5,0.5,0.5,1,0.5,1,1,0.5,1
896339,1,0.5,1,1,1,0.5,0.5,1,0.5,1
1215709,1,0.5,0.5,1,1,1,1,0,0.5,1
200427,1,1,0.5,0.5,1,0.5,0.5,1,1,1
1766524,1,1,0.5,0.5,1,0.5,0.5,0.5,1,0.5
1192313,1,0.5,1,1,0.5,1,0.5,1,0.5,1
2047178,1,0.5,1,1,1,1,0.5,0.5,0.5,1
276869,1,0.5,1,1,0.5,0.5,0.5,1,0.5,1
1615850,1,0.5,1,0,1,1,1,0,0.5,1
290916,1,0,0,0.5,1,1,1,1,0.5,1
2035299,1,0,0,0.5,1,0,0.5,1,0,1
1085207,0.5,1,0.5,1,1,0.5,1,1,0.5,1
1144950,1,1,0.5,0,1,0.5,0.5,1,1,1
655385,1,0.5,1,0,1,0,1,1,1,0
1312066,1,0.5,0.5,0.5,1,1,1,0,1,1
982689,1,0.5,0.5,0.5,1,0.5,1,1,0.5,1
1785209,0.5,0.5,0.5,1,1,1,0.5,0,1,1
697038,1,1,1,1,1,1,0.5,0.5,0.5,0
967163,1,1,1,0,0.5,0.5,1,0.5,1,1
2039521,1,0,1,0,1,1,0.5,0.5,1,1
95194,1,0.5,0.5,0.5,1,0.5,1,1,1,1
2036838,0.5,1,0.5,1,1,0.5,0.5,1,1,1
1072585,0,0,1,0,1,1,0.5,1,1,0
2490731,0.5,1,0.5,1,1,1,0.5,0.5,0.5,1
586724,0.5,1,1,0.5,1,0.5,1,1,0.5,1
684876,1,0.5,0,1,1,0.5,1,0,1,0
2588510,1,0.5,0,1,1,1,1,1,0.5,0.5
1739691,1,1,1,0.5,0,1,0.5,1,0.5,1
1718042,1,0.5,0.5,1,0.5,1,0.5,1,1,1
458190,1,1,1,1,0.5,0.5,0.5,0.5,1,1
1430398,0.5,0.5,0,0,1,0.5,1,1,1,1
278223,0,1,1,0,0.5,1,1,0.5,1,0
2433610,1,1,1,0,0,1,1,0,0.5,0
424202,1,1,0.5,1,0.5,1,0.5,0.5,1,1
1066481,1,0,1,1,1,0.5,1,0.5,0.5,1
2409280,1,0.5,0,0.5,1,1,0.5,1,1,1
1972112,1,0.5,0.5,1,1,0.5,0.5,1,1,1
758850,0,1,1,0,1,1,1,0.5,0.5,1
262880,0.5,0.5,1,1,1,1,0.5,1,0.5,1
409327,1,1,0.5,0.5,1,0.5,0.5,1,1,1
1470420,1,0.5,0.5,0,1,0.5,0.5,1,1,0.5
481523,1,0.5,0,1,1,1,0.5,0.5,1,1
2188949,1,0.5,1,1,0.5,1,1,0,0.5,1
802876,1,0.5,1,1,1,1,0,0.5,0.5,1
1128178,1,1,0.5,0.5,0.5,1,0.5,1,0.5,1
49142,1,0.5,1,0,0.5,0.5,0.5,1,1,1
1501943,0.5,0.5,0.5,1,1,1,0.5,0,1,0.5
2569684,0.5,0.5,0,0,1,1,1,1,0.5,1
695907,0.5,1,0.5,1,0.5,1,1,1,0.5,0.5
706264,1,1,0,1,0,0.5,1,1,0.5,1
864172,0,0,0,1,1,1,0.5,1,1,1
1813197,1,0.5,1,0,1,0.5,1,1,0.5,1
2576843,0,1,1,0,1,1,0.5,0.5,1,1
748141,1,0.5,0.5,0,1,0.5,1,1,1,1
2387463,1,1,0.5,1,1,0.5,0.5,1,0.5,0.5
2204671,0.5,1,0,0.5,1,0,1,1,1,1
1893292,1,0.5,1,1,0.5,0.5,1,1,1,0
1239496,1,1,1,0.5,1,0.5,0.5,0.5,1,1
2412372,0.5,1,0,1,1,0.5,1,1,0,1
2149357,1,0.5,1,1,0.5,0.5,0.5,0.5,0.5,1
1670329,1,0,0.5,0.5,1,1,1,1,1,0.5
442963,0.5,1,0.5,1,0.5,0.5,1,1,1,1
302344,0.5,1,1,1,0.5,1,0.5,1,1,0.5
534237,0.5,1,1,0,0.5,0.5,1,1,0.5,1
688455,1,1,0.5,1,0.5,0.5,0.5,1,1,0
871675,1,1,0.5,1,1,0.5,0.5,1,0.5,1
275338,1,1,0.5,0.5,1,1,1,0.5,0.5,0.5
223043,0.5,1,0.5,0,1,1,0.5,1,1,1
1674777,1,0.5,1,1,1,0.5,0.5,1,1,0.5
1793717,0,1,1,1,1,1,0.5,0.5,0.5,1
1020745,0.5,1,0,0,1,1,0.5,1,1,1
1466323,1,0.5,0.5,1,1,0.5,1,1,0.5,1
953667,1,0.5,0.5,1,1,0.5,1,1,1,0.5
301019,1,0.5,0.5,1,1,0.5,0.5,1,1,1
682560,1,1,0.5,1,1,0.5,1,0.5,0.5,1
859453,0,0.5,1,1,1,1,0.5,0.5,1,1
828349,1,0,0,1,1,1,1,1,0.5,0
2446506,0.5,1,1,1,1,1,0.5,0.5,0.5,1
1528604,0,1,1,1,0,0.5,1,1,1,0
1351594,0.5,0.5,0.5,1,1,1,1,1,0,1
1811201,1,0.5,1,1,0.5,0.5,1,0.5,0.5,1
1686713,1,1,1,1,1,1,0.5,0.5,0.5,0.5
818816,1,1,0.5,0.5,1,1,1,0.5,0.5,0.5
766982,1,0.5,0.5,1,1,0.5,0.5,1,1,1
165247,1,0.5,1,1,1,0.5,1,0.5,0.5,0.5
1150035,0.5,0.5,1,1,1,1,1,0.5,1,0
1637213,1,0,0.5,0.5,0.5,1,1,1,1,1
2514777,0,1,0.5,0.5,1,1,1,1,0,1
2624159,1,0.5,0,1,1,0.5,0.5,1,1,1
965050,0,0.5,0.5,1,1,1,0.5,0.5,1,1
412604,1,1,0.5,1,1,1,0.5,0.5,0.5,1
2203182,1,1,0.5,1,1,0.5,1,1,0.5,0.5
1085991,1,0.5,0.5,0.5,1,0.5,1,1,1,1
1168926,1,0.5,0.5,1,1,0.5,0.5,1,0.5,1
2360158,0,1,1,0,1,1,1,0.5,0.5,1
2219187,0.5,1,0,1,0.5,1,1,0.5,0.5,0.5
2628763,1,1,1,0.5,0.5,1,1,0.5,1,0.5
2169283,1,0.5,1,0.5,1,1,1,1,0.5,0.5
436806,0.5,1,0.5,1,1,1,1,0.5,0.5,1
1096917,1,0.5,1,1,0.5,0.5,0.5,1,1,0
2446442,0.5,0.5,0.5,0,1,0.5,1,0.5,1,1
1917470,1,0,1,1,0.5,1,1,0.5,0,1
1984315,0,1,1,0.5,0,1,1,1,1,0
1688176,0,0.5,1,1,0.5,1,1,0.5,0.5,1
2550595,1,0.5,1,1,1,0.5,0.5,1,0,1
2053907,0.5,0.5,1,1,1,1,0.5,0.5,1,1
1092677,1,0.5,0.5,1,1,0.5,1,1,0.5,1
1275703,0,0.5,1,1,1,1,0.5,0.5,0.5,1
2589029,1,0,1,1,0.5,1,1,0.5,0.5,1
1279821,1,0.5,0,1,1,1,0.5,0.5,0.5,1
1483639,0.5,0.5,1,1,1,0.5,0.5,1,1,0
1545791,0.5,1,0.5,0.5,1,1,1,0.5,0.5,1
1300582,0,0.5,1,0,1,1,0.5,0.5,1,1
401206,0,0.5,1,0.5,1,0.5,0.5,1,1,1
2311863,1,0.5,0,1,1,0.5,0.5,0.5,1,1
1276913,1,0.5,0.5,1,1,0.5,1,1,1,0.5
2220742,0.5,0.5,0.5,1,1,0.5,0.5,1,0.5,1
1814098,1,0,0.5,1,1,1,0.5,0,1,0.5
1691090,1,0,0,1,1,1,1,0.5,0.5,1
124342,0.5,1,0,1,1,1,1,0.5,0.5,1
2525160,1,1,0,0,0.5,1,1,0.5,0.5,0.5
2194079,1,0.5,0,0.5,1,1,1,0.5,1,1
1478543,1,0.5,1,1,1,0.5,0.5,1,0.5,1
2380810,0.5,0.5,0.5,1,1,0.5,1,1,0.5,1
1755534,1,0.5,0,1,1,0.5,0.5,1,1,0.5
2047577,1,1,1,1,0.5,1,0.5,0.5,1,0.5
1872980,1,1,0.5,0,1,1,1,0.5,1,0.5
406160,0.5,0,0,1,1,1,1,0.5,0.5,1
723448,1,1,1,0,1,0.5,1,0,0.5,1
567025,1,1,1,0.5,0.5,0.5,0.5,0.5,1,0.5
2405303,0.5,1,1,0,0.5,1,1,0.5,0.5,1
2341658,0.5,0.5,0.5,1,0,1,0.5,1,1,1
758634,1,0.5,0.5,1,0.5,1,0.5,1,0.5,1
533749,1,0.5,1,1,1,1,0.5,0.5,0.5,1
1357072,1,1,0,0,1,1,1,0,1,0
1617685,1,1,0.5,0,1,1,0.5,0.5,1,0.5
1717534,1,0.5,1,1,0.5,1,0.5,0.5,1,0.5
53694,1,0.5,1,1,1,0,0.5,1,0.5,1
2438621,1,0.5,1,1,1,1,0.5,0,1,0.5
1538396,0.5,1,0.5,0.5,1,0.5,1,1,1,1
2624234,1,0.5,0.5,0.5,1,1,0.5,1,0.5,1
760924,1,0.5,0,1,1,0.5,0.5,1,0.5,0.5
1147738,1,1,0.5,1,0.5,0.5,0.5,0.5,1,1
2264286,0.5,1,1,1,0.5,1,1,0.5,0.5,1
1240865,1,0.5,1,1,0.5,1,0.5,0.5,1,0.5
2479320,1,0,0,1,0,1,1,0,0.5,1
563447,0.5,0.5,0.5,1,1,0.5,1,1,1,1
2290263,0.5,0.5,0.5,1,0.5,1,0.5,1,1,1
1750386,1,0.5,1,1,1,0.5,0.5,1,1,0
2502145,0.5,1,0.5,0,0.5,1,1,0.5,1,1
369646,1,0.5,0.5,1,1,1,1,0.5,0.5,1
542006,1,1,0.5,1,1,0.5,0.5,0.5,0.5,1
1102887,1,0.5,0.5,1,1,0.5,1,1,0.5,1
1333494,0.5,1,1,0.5,1,1,0.5,0.5,0,1
686173,0.5,1,1,0.5,1,0.5,0,1,1,1
212846,0.5,1,1,0.5,0.5,1,1,1,0.5,1
2542130,0,1,1,1,0.5,0.5,1,1,1,0
74441,0.5,1,1,0,0,1,1,1,1,0.5
618832,1,0.5,1,1,1,0.5,0.5,0.5,1,1
2119555,1,0.5,0.5,1,1,0.5,1,1,0.5,0.5
1320082,0.5,1,1,0,1,0.5,1,0.5,0.5,1
2220732,0,1,0,1,1,1,0.5,0,0,1
75818,1,0.5,0.5,1,1,1,0.5,1,0.5,1
900096,1,0.5,0.5,0.5,1,0.5,1,1,1,0.5
275600,1,0.5,0,0.5,1,0.5,0.5,1,1,1
2186235,0,1,1,0,0.5,1,1,0.5,1,1
306311,0.5,1,1,0.5,1,0.5,0.5,1,1,1
1548770,1,0.5,1,1,1,0.5,0.5,1,0.5,1
1612901,0,1,1,0,0.5,1,1,1,1,0.5
2242468,1,0.5,0.5,1,1,0.5,1,1,1,0.5
102028,1,1,1,0.5,0.5,1,0.5,1,1,0.5
1233953,1,0.5,1,1,1,0.5,0.5,1,0.5,1
7599,1,0.5,1,0,1,1,0.5,0.5,0.5,1
970756,1,0,0.5,0.5,1,0.5,0.5,1,1,1
1500017,0,1,1,0,0.5,1,0.5,0,1,1
1293508,1,0.5,0.5,1,1,1,1,0.5,0.5,1
2135415,1,0.5,1,1,1,1,0.5,0.5,1,0.5
267841,1,0.5,0.5,1,1,1,0.5,0.5,0.5,1
316931,1,0.5,0.5,0.5,1,1,0.5,0.5,0.5,1
257710,1,1,1,1,0.5,0,0.5,0.5,1,1
2280025,0.5,1,1,1,0.5,0.5,1,0.5,1,1
918897,1,0.5,0.5,1,1,0.5,1,1,0.5,1
1784150,1,1,0,1,1,1,0,0,0.5,1
1549483,0.5,1,0.5,1,1,1,0.5,0.5,0.5,1
596550,0.5,0.5,1,1,1,0.5,1,1,1,0
260616,1,0.5,1,1,0.5,0.5,1,1,0.5,1
2398061,1,1,0,0,0.5,0.5,1,1,0,1
2155681,0.5,1,1,0.5,1,0,1,1,1,0.5
881431,1,0.5,1,1,1,0.5,1,0.5,1,0
237672,1,1,0,0.5,1,1,1,0,0,1
184888,1,1,0,0,1,1,0.5,1,1,0.5
239551,1,0.5,1,0.5,1,1,1,0.5,0.5,1
2428423,1,1,1,0,0.5,1,1,1,0,0
1070547,1,0.5,0.5,1,0.5,1,1,1,0.5,1
1076511,0.5,1,0,0.5,0.5,1,1,1,1,1
1732841,0.5,0,0.5,1,1,0.5,1,0.5,1,1
2584374,1,0,0,1,0.5,0.5,1,0,1,1
1225682,1,0.5,1,0.5,1,0.5,1,0.5,1,1
2047045,1,0.5,1,1,0.5,0.5,1,1,1,0
1630419,1,0.5,1,1,1,1,0.5,1,0.5,0.5
998185,1,0.5,0,1,1,0.5,0.5,1,1,1
72607,1,1,0,1,1,1,0.5,0,1,0
2041319,0.5,0.5,1,1,0.5,1,1,0.5,0.5,0.5
1892183,1,1,0.5,1,1,1,0.5,0.5,0.5,1
308716,1,1,0.5,0.5,1,0.5,0.5,1,1,1
1579413,1,0.5,1,1,1,0.5,0.5,0.5,0.5,1
1508625,1,1,0.5,1,1,0.5,1,0.5,0.5,1
2397204,1,0.5,1,1,0.5,1,1,0.5,0.5,1
2269039,1,1,0.5,1,1,0.5,1,1,0.5,0.5
1361441,1,1,0.5,0.5,0.5,0.5,1,1,0.5,1
1376923,0,1,1,1,0,1,1,0,0.5,0.5
948558,1,0.5,1,1,1,0.5,1,0.5,0.5,1
106870,0,1,1,0,1,0.5,0.5,1,0.5,1
279265,0.5,0.5,0,0,1,1,1,1,1,1
1277779,0,0.5,0.5,1,1,0.5,1,1,1,1
2247982,0.5,1,1,0.5,0.5,0.5,1,1,1,1
686362,1,0.5,0.5,1,1,1,1,1,0.5,0.5
1351373,1,0.5,0,1,1,0.5,1,1,1,0
1099833,1,0.5,0,0,1,1,1,0,1,1
1163123,0,0.5,0,1,1,0.5,0.5,1,1,1
2179904,0.5,0.5,1,0.5,0.5,1,0.5,1,1,1
1752856,0,1,1,0.5,1,0.5,1,0.5,0.5,1
238740,1,1,1,1,1,0.5,0.5,0.5,1,0.5
1079964,1,0.5,0,1,1,0.5,1,1,1,0
118341,0,1,1,0,1,1,0.5,1,0.5,1
2117885,0,1,0,1,1,1,0.5,0.5,0.5,1
108936,1,0.5,1,1,1,1,1,0.5,0.5,0
1744656,1,0.5,1,0.5,1,1,0.5,1,0,1
1125570,1,1,0.5,1,1,1,0.5,0.5,0.5,1
2551641,1,0.5,0.5,0.5,1,1,0.5,1,1,1
2244849,1,0,1,0,0,1,1,0.5,1,0.5
1860339,1,0.5,0.5,0,1,0.5,0.5,1,1,1
211086,1,1,0.5,0.5,1,0.5,1,0.5,0.5,1
1642678,1,0.5,1,1,0.5,1,1,1,0.5,0
663627,1,0,0,1,1,1,0.5,1,0.5,1
679042,0.5,0.5,1,0.5,1,1,1,1,1,0.5
2413595,0,0.5,1,0.5,1,0.5,1,1,1,1
2129592,0.5,1,0.5,1,1,0.5,0.5,1,1,1
983069,0.5,0.5,0,0,1,1,1,1,1,0
2122285,1,0.5,0.5,0.5,0.5,0.5,1,1,0.5,1
2610660,1,1,0.5,0.5,0.5,0.5,1,0.5,1,1
2375687,0.5,1,0.5,0.5,1,0.5,1,1,1,1
2006360,1,0.5,0.5,1,1,0.5,0.5,1,0.5,1
444566,0,1,1,1,0,1,1,0.5,0.5,1
1774409,1,0,0.5,1,0,1,0.5,1,1,1
1644680,0.5,0.5,0.5,0,1,1,1,0.5,1,0
1503647,1,1,1,1,0.5,0.5,0.5,0.5,1,1
2314898,1,1,0.5,0.5,0.5,0.5,1,1,1,1
361327,0.5,0.5,1,0.5,1,0.5,1,1,1,1
2243435,0,0.5,0,1,1,1,0.5,0,1,0
1820593,0.5,1,0.5,0.5,1,0.5,0.5,1,1,0.5
490992,1,0.5,0.5,0.5,1,0.5,1,1,0.5,1
883478,1,0.5,1,1,0.5,0.5,1,1,1,0
1277996,1,1,1,1,0.5,0.5,1,0.5,0.5,1
2355266,0.5,0.5,1,0,1,1,1,1,0.5,1
1727232,1,1,0.5,1,1,1,0.5,0.5,0,1
701443,1,1,0,0,0,1,1,1,1,0
2118885,1,1,0,0,1,0.5,0.5,1,1,1
1844813,0.5,0.5,0.5,0.5,1,1,1,1,1,1
931565,0.5,1,0.5,0.5,1,1,1,0.5,1,1
1432772,1,1,0.5,1,1,0.5,1,0.5,0.5,1
708596,1,0.5,0.5,1,1,1,0.5,0.5,0.5,1
1385728,1,0.5,1,1,0.5,0.5,0.5,1,1,0.5
2345122,0.5,1,0.5,0.5,1,0.5,1,1,0.5,1
837133,1,1,1,1,0.5,0.5,1,0.5,1,0
2041697,1,1,0.5,1,0.5,0.5,1,1,0.5,1
1534085,0,0.5,1,1,1,1,0.5,1,0.5,1
2498427,1,0,0,0.5,1,1,0.5,0.5,1,1
787052,1,0,0.5,1,1,0.5,0.5,1,1,1
1605122,0,1,0.5,0,1,1,0.5,1,1,0
1478933,1,1,0.5,1,1,0.5,0.5,1,1,0
2634182,1,1,1,1,0.5,1,0.5,0.5,0.5,1
2576196,0.5,0.5,1,0.5,1,1,0.5,1,0.5,1
2115299,0.5,1,0,1,1,0.5,0.5,1,1,0
765938,0,1,0.5,1,0.5,1,0.5,0.5,1,1
1084999,1,0,1,0.5,0.5,1,1,0.5,0.5,1
1114801,1,1,0,0.5,0.5,1,1,1,0.5,1
953604,1,0,0,1,1,1,0.5,1,0,1
1434507,0.5,1,1,0.5,0.5,0.5,1,1,1,0.5
1125150,1,0.5,0.5,0.5,1,1,0.5,0.5,1,0.5
2222576,1,1,1,1,0,0.5,1,0.5,0.5,0.5
1682531,0,1,0.5,0.5,1,1,1,0.5,1,1
1348335,0,1,1,0.5,0.5,1,1,1,0.5,1
2461508,1,1,0.5,0.5,1,0.5,1,1,0.5,0.5
2364018,0.5,1,1,0.5,0.5,0.5,1,1,1,0.5
610997,0.5,1,0.5,1,0.5,1,0.5,0.5,1,1
825779,1,1,0.5,0.5,1,1,1,0.5,1,0.5
1129687,1,0,0.5,1,1,1,1,1,0.5,0.5
579352,1,1,0,1,1,0.5,0.5,1,0.5,1
101807,1,1,0.5,1,1,1,1,0.5,0.5,0.5
111736,1,0.5,0,1,0.5,0.5,1,1,1,1
2526309,0.5,1,0.5,0.5,1,0.5,0.5,1,1,1
1490538,1,1,1,1,0.5,0.5,1,1,0.5,0
2589121,1,0.5,0.5,0.5,1,0.5,1,1,0.5,1
1691081,1,1,1,1,0.5,0.5,1,0.5,0.5,0.5
1928776,0.5,1,1,0.5,0.5,0.5,1,1,1,1
2538550,1,0.5,0.5,0.5,1,1,1,1,0.5,1
716831,1,0.5,0.5,1,1,1,1,0.5,1,0.5
1477154,0.5,1,0.5,0.5,1,0.5,1,1,1,1
2229960,1,1,0.5,1,1,0.5,0.5,1,1,0.5
7576,1,1,1,0.5,1,1,1,0.5,0.5,0.5
1360936,0.5,1,1,0,0,1,1,1,1,0
1403184,1,1,0.5,0,1,1,1,0,0.5,1
1911219,1,0.5,0.5,1,0.5,0.5,0.5,1,1,1
192889,0,1,1,1,0,1,0.5,0.5,1,1
1362091,1,1,0.5,0.5,1,1,1,0.5,0.5,1
695091,1,1,1,1,0.5,1,0.5,0.5,0.5,0
427485,0.5,1,1,1,0.5,0.5,1,0.5,1,1
2387672,1,0.5,0.5,1,1,0.5,0.5,1,1,1
2622843,1,0.5,0.5,0.5,1,0.5,1,1,1,1
1278961,1,1,0.5,1,1,1,0.5,0,0.5,1
1658662,0,1,1,0.5,1,1,1,0.5,0.5,1
1790831,1,0.5,0.5,1,1,0.5,1,1,0.5,1
1937187,1,0.5,1,1,1,1,1,0.5,0.5,0
116252,1,0.5,1,1,1,1,0.5,0.5,0.5,1
2214880,1,1,0.5,0,0.5,0.5,1,1,1,0.5
612641,1,0.5,1,1,0,1,1,0.5,0.5,1
2042756,1,1,0.5,1,1,1,0.5,0.5,0.5,1
2071383,1,0,0,1,1,1,1,0,0.5,1
11796,1,0,1,1,0,1,0.5,1,0.5,1
2052789,1,0.5,0,0.5,1,0.5,1,1,0.5,1
1771053,0.5,1,0,0.5,0.5,1,1,1,1,1
119790,0.5,0.5,0,1,1,0.5,1,1,1,1
1532735,1,0.5,0.5,1,1,0.5,1,1,0.5,1
819314,1,1,0.5,0.5,0.5,1,0.5,1,1,1
1099977,0.5,0.5,1,1,1,0.5,0.5,1,1,1
350145,0,1,0.5,1,0.5,0.5,1,0.5,1,1
1516350,1,1,1,1,0,1,0.5,0.5,1,0
972914,0.5,1,0.5,0.5,0.5,1,1,1,1,1
2191370,0.5,1,0.5,0.5,1,0.5,1,1,1,1
2403601,1,1,1,0,0.5,0.5,1,1,0.5,1
1925969,1,0.5,1,1,1,0.5,1,0.5,0.5,1
862850,1,1,1,0,0.5,1,0.5,1,1,0
436436,1,1,0.5,1,0.5,0.5,0.5,1,1,1
1899913,1,1,0.5,0,1,1,1,0,0.5,0
1683198,1,1,0.5,1,1,0.5,0.5,0.5,1,1
1050232,0,0.5,1,1,0.5,0.5,0.5,1,1,1
1641091,0,1,0,1,1,0.5,1,0.5,0.5,1
140498,1,0,1,0.5,1,0.5,0,0,0,1
1426220,1,0.5,0,1,1,1,1,0.5,0.5,1
1048629,0.5,0.5,1,1,0.5,0.5,1,0.5,1,0
1425723,1,1,0.5,0,1,0.5,0.5,1,1,1
1860673,0.5,0.5,0,0.5,1,0.5,1,1,1,1
1692069,1,0.5,1,1,1,1,1,0.5,0.5,0.5
154591,1,0.5,0.5,0.5,1,1,1,1,1,0.5
2089287,0.5,1,1,0,0.5,0.5,1,1,1,1
2264796,1,0.5,0,1,0.5,0.5,1,1,1,1
688057,0,1,1,1,0.5,0.5,1,0.5,0.5,1
2068936,1,1,1,0,0,1,0.5,1,1,0.5
2254751,0.5,1,1,1,0,0.5,0.5,0.5,1,1
1661583,0.5,0.5,1,1,1,1,0.5,0.5,0.5,1
1488400,1,1,0.5,1,1,0.5,0.5,1,0.5,1
2245579,1,0.5,0,0,1,0.5,1,0.5,1,1
1909349,1,1,1,0.5,0.5,0.5,1,1,1,0.5
2406958,1,1,0.5,0.5,0.5,1,1,0.5,1,0.5
1231842,1,0.5,0.5,1,1,1,1,0.5,0.5,1
2147545,1,0.5,1,1,0.5,1,0.5,0,1,1
2608542,1,1,0.5,1,1,0,1,0.5,0,0.5
1715879,0,1,1,0,1,0.5,0.5,0,1,0.5
990789,0.5,0.5,1,1,1,0.5,0.5,1,0.5,1
2127496,1,0.5,0,0.5,1,0.5,0.5,1,1,1
242681,0,1,1,0.5,1,1,0.5,0.5,0.5,0.5
2627394,0,0.5,1,1,1,1,0.5,1,1,0.5
1170335,1,0,0.5,1,1,1,1,0.5,0.5,1
1413367,0.5,1,0.5,1,0.5,1,1,1,0.5,0.5
1527527,0.5,1,1,1,1,0.5,0.5,0.5,0.5,0.5
2168178,1,1,1,1,1,0.5,1,0.5,0.5,0.5
2045508,1,0.5,1,0.5,1,0.5,0.5,1,1,1
630153,1,1,0.5,1,0.5,0.5,1,1,1,0.5
2397374,1,1,0.5,1,0.5,0.5,0.5,1,0.5,1
2075828,1,0.5,1,1,1,0.5,1,1,0.5,0.5
2273448,0.5,1,1,0.5,0.5,0.5,1,0.5,1,1
718303,1,0.5,0.5,1,0.5,1,1,0,0.5,1
384188,1,0.5,0.5,0.5,1,0.5,1,1,1,1
1024768,0,1,1,1,0.5,0.5,1,1,1,0.5
356157,0.5,1,1,1,1,1,1,0.5,0,0.5
952582,1,0.5,1,1,0,1,0.5,1,0.5,1
396029,0,1,1,1,0.5,1,1,0.5,0.5,1
205023,0.5,0.5,1,1,1,0.5,1,1,0.5,1
856563,1,0.5,0,1,1,0.5,0.5,1,1,1
2438141,1,1,1,0.5,1,0.5,1,0.5,0.5,0.5
1313129,1,1,1,0.5,1,1,0.5,0,0,1
685565,0.5,0.5,0.5,1,0.5,1,1,1,0.5,0.5
647979,1,0,1,0.5,1,1,1,0.5,1,0
2363228,1,0.5,0.5,0,1,0.5,1,1,0.5,1
1370564,1,0,0,1,1,0,1,1,0,1
378481,0,0.5,0.5,0,1,1,1,0.5,0.5,1
42630,1,0.5,0.5,1,1,0.5,1,1,1,0.5
1181558,0.5,1,0.5,0.5,1,1,1,1,0,0.5
617390,1,0.5,0,0,1,1,1,1,0.5,0.5
1832243,1,0.5,0,0,1,1,0.5,1,0.5,1
1860332,1,1,0.5,0.5,1,0.5,1,1,0.5,0.5
1758002,1,1,0.5,0.5,1,0.5,1,1,1,0.5
270702,1,1,1,1,1,0.5,1,0.5,0.5,0.5
2361318,0,1,0.5,1,1,1,0.5,1,0.5,1
1802059,0.5,1,1,0.5,0.5,0,1,1,0.5,1
867800,1,0.5,0.5,1,1,0.5,1,1,0.5,0.5
504401,0.5,0.5,1,1,0.5,0,1,1,1,0
2270619,1,0.5,0.5,1,0.5,0.5,1,1,0.5,1
1746056,0.5,1,0.5,0.5,1,1,0.5,1,1,1
2026928,1,1,1,1,0.5,1,0.5,0,0.5,1
436122,1,1,1,0.5,0,1,1,0.5,0,1
892472,0.5,1,1,0.5,1,1,0.5,0.5,1,1
2505593,0.5,1,1,1,0.5,0.5,0.5,0.5,1,1
810392,1,0.5,0,1,1,0.5,0.5,1,0.5,1
2133752,1,1,1,0,0.5,0.5,1,0,0.5,1
2389860,1,0.5,0,1,1,1,0.5,0,1,1
361189,1,0.5,1,1,0.5,0.5,1,0,1,0
811104,1,1,1,0.5,1,0.5,0.5,0.5,1,1
1838526,0.5,0.5,0.5,1,1,0.5,0.5,1,1,0
1606779,0.5,0.5,1,1,1,1,0.5,0.5,1,1
1226928,1,1,1,0.5,0,1,1,0.5,0.5,1
182203,1,1,1,0.5,1,1,0.5,0,0,0
1884565,1,0.5,0.5,0.5,1,1,1,1,0.5,1
1316754,1,1,1,1,0,1,0.5,0.5,1,0.5
1119094,1,0.5,0.5,0.5,1,1,0.5,1,0.5,1
291396,1,0.5,1,0.5,1,1,0.5,0.5,0.5,1
828444,0,1,1,1,1,1,0.5,0.5,0.5,1
2021115,1,0.5,0.5,1,1,0,0.5,0.5,1,1
603277,1,0,1,1,0,1,0.5,1,1,0.5
1107099,1,0.5,0.5,1,1,0.5,1,1,0.5,1
1044120,1,0.5,0.5,0,1,0.5,1,1,0,1
1083968,1,0.5,1,1,0,0,1,1,0,1
2017214,0.5,0.5,1,0,1,0.5,0.5,1,1,1
2073766,0.5,1,0.5,1,1,0.5,1,1,1,0.5
594870,1,1,0.5,0.5,1,1,1,0.5,0.5,1
2441383,1,0.5,0.5,1,0.5,1,1,0.5,1,0.5
1701322,1,0.5,1,0.5,0,0.5,1,1,0.5,1
699988,1,0.5,0.5,1,1,0.5,1,1,0.5,1
1452675,0,0.5,0,0,1,0.5,1,1,1,1
816213,1,0.5,1,1,0.5,0.5,0.5,1,1,1
829466,1,0.5,0.5,0.5,1,0.5,1,1,1,0.5
937001,0.5,0,1,1,0.5,1,1,1,0,1
2395304,0.5,1,1,0.5,0.5,0.5,0.5,0.5,1,1
2497577,0,1,0.5,1,0,0.5,1,1,0.5,1
1414159,1,1,1,0,0.5,0.5,1,0.5,0.5,1
1952121,0,0.5,0,1,0,1,1,1,1,1
1373027,1,0.5,0.5,0.5,1,0.5,1,1,0.5,1
2487809,1,1,1,0.5,0,1,1,1,0.5,0.5
312937,1,1,0.5,1,0.5,0.5,1,1,1,0
431067,0.5,1,0.5,0.5,1,0.5,1,1,0.5,1
1278249,1,1,1,0,0.5,0.5,0.5,1,1,1
1591103,1,1,0.5,1,0.5,0.5,1,1,0.5,1
2008700,0.5,0.5,0.5,1,1,0.5,0.5,1,1,1
2401136,1,0.5,0.5,1,1,0.5,0.5,1,0.5,0.5
2097445,1,1,1,1,0,1,0.5,0.5,0.5,1
1597178,0.5,0.5,1,0.5,1,1,1,0.5,0.5,1
467885,1,1,0,0,1,0.5,1,1,0.5,0.5
933837,1,1,1,0,0,1,0.5,0.5,0.5,0.5
1320587,0.5,1,1,1,1,0.5,0.5,1,0.5,1
2024111,1,1,0.5,0,0,1,1,1,0.5,0.5
2577597,1,1,0.5,1,1,0.5,1,0.5,0.5,1
2069442,0,0.5,0,0,1,0.5,1,1,1,1
2024102,0.5,0.5,1,1,1,0.5,1,1,0.5,1
937905,0.5,0.5,0,1,1,1,0.5,1,1,1
48607,0,1,0.5,0.5,1,1,0.5,1,1,1
2105294,1,1,0.5,1,1,0.5,1,0,0.5,1
2521994,1,1,1,1,1,0.5,0.5,0.5,0.5,1
801128,0,0.5,1,1,1,1,0.5,1,0.5,1
2167041,1,0.5,1,0,1,1,1,0.5,0.5,1
1058639,1,1,0.5,0.5,1,1,1,0.5,0.5,1
1203779,1,1,0,0,1,1,0.5,0.5,1,0
1820960,1,1,1,1,1,1,0.5,0.5,0.5,0
1615548,1,1,1,1,0.5,0.5,0.5,1,1,0.5
2515736,0,1,1,1,1,0.5,0.5,1,0.5,1
2521079,1,0.5,0.5,1,1,1,1,0.5,0.5,1
1078630,1,1,0.5,1,1,1,0.5,1,0,0
1753201,0.5,0.5,0,1,1,0.5,0.5,1,1,1
2406094,0.5,0,0,0.5,1,1,1,1,1,0.5
419598,1,1,1,0.5,0.5,1,1,0.5,1,0
430648,1,1,0.5,1,1,1,0.5,0.5,0.5,1
1704892,1,1,1,0.5,1,0.5,0.5,0.5,1,1
2415382,1,0.5,0,1,1,1,0.5,0.5,1,0
794805,1,0.5,1,1,0.5,0.5,1,0.5,1,1
1672386,0.5,0.5,1,1,1,1,0.5,0.5,1,0
1318289,0.5,0,0,1,1,1,0.5,1,1,1
2186938,1,0.5,0.5,1,1,1,1,0.5,0.5,1
2232563,0.5,0.5,1,1,1,0.5,1,1,0.5,0.5
1003093,1,0.5,0.5,0,1,0.5,1,1,0.5,1
831920,0.5,1,0.5,1,1,0.5,1,1,0.5,1
2473345,1,0.5,0.5,1,1,0.5,0.5,1,1,1
43751,1,0,1,1,0.5,0.5,0.5,1,1,0.5
647216,1,1,1,0,0.5,0.5,1,0,1,0.5
1190094,0.5,0.5,0.5,1,1,1,1,1,0.5,1
1966321,1,0.5,0.5,0.5,1,1,1,1,0.5,1
1964514,1,1,0.5,0.5,0.5,0.5,0.5,1,1,1
1877128,0.5,0.5,1,1,0.5,1,1,0.5,0.5,0.5
109112,1,1,1,0,0.5,0.5,1,0.5,0.5,1
1850353,0.5,0,0.5,1,1,1,1,1,0.5,1
590003,0.5,1,0.5,0,1,0.5,0.5,0.5,1,1
1087416,1,0.5,0.5,0.5,1,0.5,1,1,1,1
2213,1,1,0.5,0,1,0.5,1,0.5,1,1
1862352,1,0.5,0.5,0.5,1,0.5,1,1,1,0.5
1633211,1,0.5,0.5,0.5,1,1,0.5,1,0,0.5
1655778,1,1,1,0,0.5,1,1,0.5,0.5,0.5
1689683,1,0.5,1,1,0.5,0.5,1,1,0.5,0
342510,1,0,0.5,0.5,1,0,0.5,1,1,1
1288336,1,0.5,1,1,0.5,1,1,0.5,0.5,1
665996,1,0.5,1,1,1,0,0.5,1,0.5,1
650517,1,0.5,0,0,1,0.5,1,1,1,1
271128,1,0.5,0.5,1,1,0.5,1,1,1,0.5
446469,1,0.5,0.5,1,1,0.5,0.5,0.5,1,1
1829617,1,0.5,0.5,0.5,1,0,1,1,1,0.5
2524669,0,1,1,0.5,0.5,1,1,0,0.5,0
1889712,1,0.5,0.5,0,1,1,1,1,1,0.5
1490775,1,1,1,0,0.5,0.5,0.5,1,1,1
2303820,0,1,1,0.5,1,0.5,0.5,1,0.5,1
751283,1,0.5,1,1,0.5,1,0.5,1,0.5,0.5
1197141,0.5,1,0,0,1,0.5,1,1,1,1
1900854,1,1,0.5,0.5,0.5,0.5,0.5,1,1,1
1126697,1,0.5,1,0.5,1,1,1,0.5,0.5,1
1645514,1,0.5,1,1,1,0.5,0.5,0.5,0.5,1
2192288,0.5,1,1,1,1,0.5,0.5,1,1,0
2518972,0.5,1,0.5,1,1,0.5,1,1,1,0
1725003,1,1,0.5,1,1,0.5,1,0.5,0.5,1
2620858,1,1,1,1,0,1,0.5,0.5,0.5,1
217619,1,0.5,1,1,1,1,0.5,0,0.5,0.5
391012,1,1,1,0,0,1,0.5,0.5,1,1
2071037,1,0.5,1,1,1,1,0.5,1,0,0.5
1452396,0.5,0.5,0,0,1,1,1,1,1,1
1726869,0.5,1,0.5,1,1,0.5,0.5,1,1,0.5
2204746,1,0.5,0.5,0.5,1,1,0.5,0.5,1,0.5
2472682,1,0.5,0,0.5,1,1,0.5,1,1,0.5
1706873,0.5,1,0,0,0.5,1,1,1,1,0
266289,0,0.5,1,1,1,0.5,0.5,0.5,1,0.5
1175391,1,1,0.5,1,1,1,0.5,0.5,0.5,1
1707198,1,1,0.5,1,1,1,0.5,0.5,0,1
504981,1,0,0.5,0.5,1,1,0.5,0.5,0.5,1
1441540,0.5,1,1,0.5,1,1,0.5,0.5,0.5,1
900455,0,1,0,0.5,1,1,0.5,1,1,1
2379200,0.5,0.5,1,1,1,1,0.5,0.5,1,1
1658172,1,0.5,0.5,1,1,0.5,0.5,0.5,1,1
256465,1,0,0.5,1,1,0,1,1,0,1
2018010,0.5,1,0.5,1,1,1,0.5,1,0.5,1
753107,1,0,0,0,1,0.5,1,1,0.5,1
1865329,1,1,0.5,1,0.5,1,1,0.5,0.5,1
1797525,1,1,0,0.5,0,0,0.5,1,0,1
75976,0,1,1,1,0,1,1,0.5,1,0
432130,1,0.5,0.5,1,1,0.5,1,1,1,0
2035310,1,0.5,1,0.5,0,1,1,1,1,0.5
406948,1,0.5,0.5,1,1,0.5,1,1,1,0.5
638279,0.5,1,0.5,1,0.5,0.5,1,0.5,0.5,1
2573015,1,1,1,1,0.5,0.5,1,0,1,0
1782185,1,0.5,0,0.5,0,1,1,0.5,1,1
466151,1,0.5,0.5,1,1,0.5,1,0.5,1,1
1204294,1,0,1,0,1,0.5,1,1,0.5,1
821315,1,0.5,0.5,0.5,1,1,0.5,1,1,1
317429,1,1,0.5,0,1,0.5,1,1,0.5,0.5
2471527,1,0.5,1,0.5,1,0.5,1,1,0.5,1
2349702,0.5,1,1,1,1,0.5,0.5,0.5,1,1
1629801,0,0.5,1,1,1,0.5,0.5,1,1,0
1409989,1,1,0.5,0.5,1,0.5,1,1,0.5,1
1067986,1,0.5,0.5,1,1,0.5,1,1,0.5,0.5
1145000,1,1,0.5,0.5,1,0,0.5,0.5,1,1
1306621,1,0.5,1,1,0.5,1,0.5,1,0.5,1
1421091,0.5,1,1,0,1,0.5,0.5,1,1,0.5
1532220,0.5,0.5,0,1,1,0.5,1,1,1,1
1974267,1,0.5,1,0.5,1,0.5,1,0.5,1,0.5
2457720,1,0.5,0,1,0.5,0.5,1,1,0.5,1
104237,1,0.5,0.5,1,1,0.5,1,1,1,0.5
1248467,0.5,1,1,0.5,0.5,1,0.5,0.5,1,1
1108856,1,1,0.5,1,1,0.5,0.5,0.5,1,0.5
626377,0.5,1,1,1,0.5,0.5,1,0.5,1,1
127884,0.5,0,0.5,0.5,1,1,0.5,1,1,1
2378918,1,1,1,0.5,1,1,0.5,0.5,1,0.5
2315404,0.5,0.5,1,1,1,0.5,0.5,1,1,1
2057826,0,1,1,1,1,1,0.5,0.5,0.5,0.5
381625,0.5,1,1,0.5,1,1,0.5,0.5,1,1
1920565,0,1,1,1,0,1,0.5,0.5,1,1
2357567,1,1,1,0.5,1,0.5,0.5,0.5,0.5,0.5
214955,1,0.5,1,0,1,0.5,1,1,0.5,1
476765,0.5,0.5,0.5,1,1,1,1,0.5,0.5,0.5
2582726,0.5,0.5,1,1,1,0.5,1,1,0.5,1
113654,1,0.5,0.5,1,1,1,1,0.5,0.5,1
281216,1,0.5,1,0.5,0.5,1,1,0.5,0,0
1710237,1,1,1,0.5,0.5,1,1,0.5,1,0.5
1926431,1,1,0.5,0,0.5,1,0.5,1,1,1
1674407,1,1,1,1,0.5,0.5,1,1,0.5,0.5
924960,0.5,1,0.5,1,1,0.5,1,1,0.5,1
1476383,1,0.5,1,0,0,1,1,0.5,0.5,1
773325,1,0.5,0.5,1,1,0.5,1,0,1,1
1137886,1,0.5,1,1,1,0.5,0.5,1,0.5,1
2332765,1,1,1,0.5,1,1,0.5,0,0,1
1123870,0.5,1,0.5,0,1,0.5,1,1,0.5,1
221936,1,0.5,1,1,0.5,1,1,0.5,0.5,1
2518947,0,0.5,1,0,1,1,1,0.5,0.5,1
2374782,1,1,1,1,0.5,1,1,0.5,0.5,0
642898,1,0.5,1,0.5,1,0.5,0.5,1,1,0.5
1656130,0.5,0,1,0.5,1,0.5,1,1,1,1
897867,1,0.5,0.5,0.5,1,0.5,1,1,0.5,0.5
2068698,1,1,0.5,0.5,1,0.5,1,1,1,0.5
2269328,0.5,1,1,1,0.5,0.5,1,1,0.5,1
408765,0.5,0.5,1,1,1,0.5,1,1,0.5,0.5
827459,1,1,1,1,0.5,1,0.5,0.5,0.5,0.5
2506724,1,1,0,1,1,0,1,0.5,0.5,1
803932,0.5,0.5,1,1,1,0.5,1,1,0.5,1
1029561,1,1,1,0.5,0.5,0,1,1,0,0.5
603543,0,0,1,1,0.5,1,1,0,1,1
1757056,0,1,0.5,1,0.5,1,1,1,1,0.5
583875,0,1,1,0.5,0.5,1,1,0,1,0
835353,1,1,0.5,0.5,1,1,1,1,0.5,0.5
1812378,0,1,1,1,1,1,0.5,0.5,0.5,1
1209880,0,1,0,1,0,0.5,0.5,1,1,1
1051945,1,0.5,0.5,1,1,0.5,0.5,1,1,1
2360117,0.5,0.5,0.5,1,1,1,0.5,1,1,1
1148143,1,0.5,1,0,0.5,1,0.5,1,1,1
1376939,1,0.5,0.5,1,0.5,0.5,1,1,0.5,1
1208622,0.5,1,0.5,0,1,0.5,1,0.5,0.5,1
2219287,0.5,1,1,1,0.5,1,0.5,0.5,1,1
2580969,0.5,1,1,1,1,0.5,0.5,1,0,1
637266,1,1,1,1,0.5,1,0.5,0.5,1,0
2593402,1,0.5,0.5,0.5,1,0.5,1,0.5,1,0.5
1555813,1,1,0,0.5,1,0.5,0.5,0.5,1,1
1349682,0.5,1,1,1,0.5,1,1,1,0.5,0.5
653515,0.5,0.5,0.5,0.5,1,0.5,1,1,0.5,1
122057,0.5,0.5,0.5,1,1,0.5,1,0.5,1,1
2288845,1,1,1,0,0.5,1,1,0.5,0.5,0.5
499293,1,0.5,1,1,1,1,0.5,0.5,0.5,1
653174,1,0.5,0,1,1,0.5,0.5,1,1,1
1693179,1,0.5,0.5,1,1,0.5,1,1,0.5,1
778243,1,0.5,1,1,0.5,1,1,0.5,0.5,0
2508958,1,0.5,0,0.5,1,0.5,0.5,1,1,1
492291,1,1,0.5,0,1,1,0.5,0,1,0.5
2135285,1,0.5,0.5,1,0.5,0.5,0.5,1,0.5,1
1250320,1,0.5,0.5,1,1,0.5,1,1,1,0.5
64996,1,1,1,1,1,1,0.5,0.5,0.5,0.5
459060,1,1,1,1,0.5,1,0.5,0.5,0.5,0.5
2610420,1,0.5,1,1,1,0.5,0.5,1,0.5,0.5
209494,0.5,1,1,0.5,1,1,1,0.5,1,0.5
1466086,0.5,1,1,0,1,0.5,0.5,1,0.5,1
2193455,1,0.5,0.5,1,1,0.5,1,1,0.5,1
1597861,1,1,0.5,0.5,1,1,0.5,1,0.5,0.5
1049975,1,0.5,0.5,0,1,0.5,1,1,1,1
779144,1,0.5,0.5,0.5,1,0.5,1,1,1,0
394194,1,1,1,1,0.5,0.5,1,0.5,0.5,0.5
1124163,1,1,0.5,0.5,1,1,0.5,1,0,1
1719610,0,1,0.5,1,1,0.5,1,0,0,1
1255703,0.5,0,0.5,1,1,1,1,1,1,0.5
328779,1,1,1,1,0.5,0.5,1,0.5,1,0.5
1319012,1,0.5,1,1,0.5,0.5,1,1,0.5,1
1560283,1,1,0.5,1,1,0.5,0.5,0.5,0.5,0.5
2153952,1,1,0.5,1,1,1,1,0.5,0.5,0.5
73989,1,0.5,1,0.5,1,0.5,0.5,0.5,1,0.5
700005,1,1,0.5,1,1,0.5,1,0.5,0.5,1
2438440,1,0.5,0,1,0.5,0.5,1,1,0.5,1
1009405,1,1,1,0,0.5,0.5,1,0,0.5,1
2058978,1,0.5,0.5,1,1,0.5,0.5,1,1,1
1927110,0,1,1,0.5,1,0.5,0.5,1,1,1
2419242,1,1,0.5,0.5,0.5,0.5,1,1,1,1
1859843,1,0.5,0.5,0,1,1,1,1,0.5,1
2607300,0,0.5,0.5,1,1,1,1,1,0.5,1
2130244,0.5,1,1,1,0.5,0.5,1,1,0.5,1
2487916,0,1,1,1,0.5,1,0.5,0.5,1,1
441196,1,0.5,0.5,1,1,1,1,0.5,0.5,0.5
2228502,0.5,0,0.5,1,1,0.5,1,1,1,1
652324,0.5,1,1,1,0.5,0.5,1,0.5,1,0.5
573533,0,0.5,1,0,1,0.5,1,1,0.5,1
2400645,0.5,1,1,0,0.5,1,1,1,0.5,1
325073,1,0,0.5,1,0,0,1,1,1,1
136867,1,1,0.5,1,0.5,0.5,1,1,1,0.5
301726,1,0.5,1,1,0.5,1,1,1,0.5,0.5
1839934,1,1,0.5,0,0.5,0.5,1,1,0.5,1
2360721,1,0.5,1,1,1,0.5,0.5,0.5,0.5,1
1025888,0.5,0.5,0,1,1,0.5,1,1,1,1
46140,0.5,1,1,1,0.5,0.5,1,0.5,1,1
38879,1,0.5,0.5,0.5,1,1,0.5,1,1,0.5
1933447,1,1,1,1,0.5,0.5,0.5,1,0.5,0.5
2472537,1,1,1,1,1,0.5,0.5,0.5,0,1
2213581,0.5,1,0.5,1,1,0.5,0.5,0.5,1,1
443193,0.5,0,1,1,1,1,0.5,1,1,0
1659478,0.5,0.5,1,1,1,0.5,0.5,1,1,1
1142278,0.5,0,1,1,0.5,1,0.5,1,1,1
2606334,1,1,1,1,0.5,1,1,0.5,0.5,0
1794722,1,1,0,0,1,0.5,0.5,1,1,1
911304,1,1,0.5,0.5,0.5,1,1,1,1,0.5
1850091,0.5,0.5,0,0.5,1,0.5,0.5,1,1,1
249933,1,0.5,0.5,0,1,1,0.5,0.5,0.5,1
662124,1,0.5,0,1,1,0.5,0.5,1,0,0
9850,0.5,1,0,0,1,0.5,0.5,1,0.5,1
2534832,1,1,0.5,1,1,1,0.5,1,0.5,0.5
2441830,0.5,0.5,0.5,1,1,1,0.5,1,1,1
2195565,1,0.5,0.5,0.5,1,1,1,0.5,1,1
2640656,0.5,1,1,1,1,1,0.5,0.5,0.5,1
2102685,1,0.5,1,1,0,1,1,0.5,0.5,1
1002688,1,0.5,1,1,1,1,0.5,0.5,0.5,1
167763,1,0.5,0.5,0.5,1,0.5,1,1,1,1
1417279,0,1,1,1,1,0.5,1,0.5,1,0
1014889,1,1,1,1,0.5,0.5,1,0.5,0.5,1
2145961,1,0.5,0,0.5,1,1,0.5,1,1,1
371806,1,1,0.5,0.5,1,1,1,0.5,0.5,1
1469603,0.5,0.5,0.5,0.5,1,1,1,1,1,1
956739,0,1,1,1,0.5,1,1,0.5,0.5,0
2318245,1,1,0.5,0.5,1,0.5,0.5,0.5,1,0.5
1907843,1,0.5,0,0.5,0.5,1,0.5,0.5,1,1
1646405,0.5,0.5,0,0.5,0.5,0.5,1,1,1,1
1875019,0.5,1,1,0,1,0.5,0.5,0.5,1,1
353820,1,1,0.5,1,1,1,1,0.5,0.5,0.5
2028581,0.5,1,0,0,1,0.5,1,1,1,1
1179117,1,1,1,1,0.5,1,0.5,0,1,0.5
1375880,1,1,0.5,0,1,0.5,1,0.5,1,0.5
995437,1,0.5,0,0.5,1,0.5,1,0.5,1,1
1776625,0.5,1,0.5,1,0.5,0.5,0.5,1,1,1
1759886,1,1,1,0.5,0,1,1,0.5,0.5,1
2227804,1,0.5,0.5,1,1,0.5,1,1,0.5,1
2002196,1,1,0.5,1,1,1,1,0.5,0.5,0.5
169980,1,1,0.5,1,1,0.5,0.5,1,1,0.5
135973,1,1,1,1,0.5,1,0.5,0.5,0.5,1
1777474,1,1,0.5,0.5,0.5,1,1,1,0.5,1
578455,0.5,0.5,1,1,1,1,0.5,1,0.5,1
1776654,1,1,1,0.5,0.5,1,0.5,0.5,1,1
2270392,1,0.5,0.5,1,1,0.5,1,1,0.5,1
115055,0.5,0.5,1,1,1,0.5,1,1,0.5,1
1282169,1,1,1,0.5,1,1,0.5,0.5,0.5,0.5
2531920,1,0.5,1,1,0.5,1,0.5,1,1,0.5
1470123,0,1,1,1,1,1,0.5,0,0,1
669274,1,1,1,1,1,0.5,0.5,0.5,0.5,0
1995099,0.5,0.5,0.5,1,1,0.5,1,1,1,0.5
564016,1,0.5,1,0.5,0.5,0,1,1,1,0.5
2472771,1,0.5,1,1,0.5,0.5,1,0.5,1,1
1602649,0.5,1,0,0.5,0,1,1,1,0.5,0
2554058,1,1,1,1,1,0.5,1,0.5,0.5,0.5
851111,0.5,0.5,0.5,1,1,0.5,1,1,1,1
1037924,1,0,0,1,1,0.5,1,1,0,0
2476026,1,0.5,0.5,0,1,0.5,1,1,1,1
367933,1,0.5,1,1,1,1,0.5,0.5,1,0
1197972,0,1,1,1,0.5,1,1,0.5,0.5,0
1907859,1,1,0.5,0.5,1,0.5,1,1,1,0.5
1409829,0,1,1,0,0.5,0.5,1,1,1,1
1394516,0,0.5,1,0.5,1,1,1,0.5,0.5,0.5
366233,1,1,1,0.5,1,1,1,0.5,0.5,0.5
476695,0,1,1,0,0.5,1,1,0.5,1,0.5
2640278,1,1,0.5,1,1,0.5,1,0.5,0.5,1
2417320,1,0,0,0,1,0.5,1,0.5,0.5,1
789894,1,0.5,1,0.5,0.5,1,0.5,1,1,0.5
388472,1,0.5,0,0.5,1,0.5,1,1,1,1
2538567,0.5,1,0,1,1,0.5,1,1,1,0
2068497,0.5,0.5,1,0,0.5,1,1,1,0.5,1
1257336,1,0.5,0.5,1,1,0.5,1,1,0.5,1
853170,1,1,1,1,0.5,0.5,0.5,1,1,0
1842734,1,0.5,1,1,1,0.5,0.5,0.5,1,0.5
2086515,1,1,1,1,1,0.5,0.5,0.5,0.5,0.5
2208977,0.5,0.5,0.5,1,1,1,0.5,1,0.5,0
2065684,1,0.5,1,0.5,0,1,1,0.5,1,1
738437,1,0.5,0,0.5,1,0.5,1,1,1,0.5
951329,1,1,0.5,0.5,1,0.5,0.5,1,1,1
843387,0.5,0.5,0.5,1,1,1,0.5,1,1,0.5
2070937,1,1,1,1,0,1,0.5,0,0.5,1
1257939,1,0.5,1,1,0.5,0.5,1,0.5,1,1
2205734,1,0.5,1,1,0.5,1,1,0,0.5,1
2389101,0.5,1,0.5,1,1,1,0.5,0.5,1,1
808604,1,0.5,0,1,1,0.5,0.5,0.5,1,1
582405,1,1,1,0.5,0.5,1,1,0.5,0.5,0
1914553,1,1,0.5,1,1,1,0.5,0.5,0.5,1
1260854,1,1,1,0.5,0,1,1,1,0.5,0
2299517,1,0.5,0,1,1,1,0.5,0.5,1,1
146044,1,0.5,1,1,1,0.5,0.5,0,0.5,1
1882384,1,0.5,0,1,1,0.5,0.5,1,1,0
2295922,0.5,0.5,0.5,1,1,0.5,1,0.5,1,1
1669116,1,1,0.5,1,0.5,0,1,0.5,0.5,0.5
202435,0.5,0.5,1,0.5,1,1,0.5,0.5,1,1
920088,0,1,1,1,0,1,1,0.5,0.5,0
1191617,1,0.5,1,0,1,0.5,0.5,0.5,1,0.5
1654721,1,0.5,1,1,1,1,0.5,0.5,0.5,1
1707646,1,0.5,1,0.5,1,0.5,0.5,1,1,1
701176,0.5,1,0.5,0.5,1,1,1,0.5,0.5,1
1398397,1,1,1,1,1,1,0.5,0.5,0,0.5
1519073,1,0.5,0.5,0.5,1,1,1,1,1,0.5
558634,1,0.5,0.5,0.5,1,1,1,0.5,0.5,0.5
2465894,1,0,1,1,0.5,1,1,0,0.5,0
1657342,1,0.5,1,0.5,0.5,0.5,1,1,0.5,1
273019,1,1,1,1,0.5,0.5,1,0.5,0.5,0
779635,1,0.5,1,0.5,1,1,0.5,0.5,1,0.5
1497251,1,0.5,1,0,1,0.5,1,1,0.5,1
2124555,1,0.5,0,1,1,0.5,0.5,1,1,1
1250515,0.5,1,0.5,1,0,1,1,0.5,0,1
481813,1,0.5,1,0.5,1,0.5,1,1,0.5,1
682970,0.5,1,0.5,1,0.5,1,1,1,0.5,1
1013603,1,1,0.5,1,1,0.5,0.5,1,0.5,1
267880,1,0.5,0,0.5,1,0.5,1,1,1,1
1256752,1,1,0.5,0.5,1,1,1,0,0.5,1
39297,0.5,0.5,1,1,0,1,1,0,0.5,1
2524708,0,1,1,1,0,0.5,1,1,1,0.5
905964,0.5,1,0.5,1,1,0.5,1,1,0.5,1
2487603,1,1,0.5,1,1,0.5,1,0.5,0.5,0.5
1011888,1,0.5,1,1,1,0.5,1,0.5,0.5,1
1637138,1,0.5,0.5,1,1,1,1,1,0.5,0
2089599,0.5,0.5,1,1,1,1,1,0,0,1
1178938,1,0.5,1,0.5,1,1,1,0,0.5,0.5
1461717,1,0.5,1,0.5,1,0.5,1,1,0.5,0.5
868406,0.5,1,0.5,0.5,1,0.5,1,0.5,1,1
1457006,1,0.5,0.5,1,1,0.5,1,1,0.5,1
933642,1,1,1,1,0.5,0.5,1,0.5,0.5,1
1538355,0.5,0.5,0,0.5,1,0.5,1,1,1,1
607621,1,1,1,1,1,1,0.5,0.5,0.5,0.5
1485959,0,1,1,1,1,0.5,1,1,0.5,0.5
2222815,1,1,1,0.5,0,1,1,0.5,1,0.5
2597040,1,0.5,0.5,1,1,0.5,1,1,1,0.5
1431808,1,0.5,0,1,1,0.5,0.5,0.5,1,1
1178332,0.5,1,0.5,0.5,1,1,0.5,0,1,1
2529630,0,1,1,1,0,1,1,0.5,0.5,0
1114342,1,0.5,0.5,1,1,1,1,0,0.5,1
158607,1,1,1,1,0.5,1,1,0.5,0.5,0.5
2234943,0.5,1,1,1,0.5,0.5,1,1,1,0.5
1788009,1,0.5,0.5,1,1,0.5,1,1,0.5,1
1023470,0.5,0.5,1,0.5,0.5,1,1,1,0,1
2276649,1,1,1,0.5,0.5,0.5,1,0.5,1,0.5
486152,1,0.5,1,0.5,1,0.5,1,0.5,1,1
1473666,1,0.5,1,1,0.5,0.5,1,0.5,0.5,1
2171656,1,1,0.5,1,0.5,0.5,0.5,0.5,0,1
2221050,1,1,1,0,0.5,0.5,1,1,0.5,1
1279798,0.5,1,1,1,0.5,1,0.5,0.5,0.5,1
1618381,1,0.5,0.5,1,1,0.5,1,1,0.5,0.5
2440605,1,0.5,0.5,1,1,0.5,0.5,1,1,0.5
2379864,0.5,1,0.5,1,0.5,0.5,1,1,1,1
717338,1,0.5,1,0.5,1,1,0.5,0,1,1
1118643,1,0.5,1,1,1,1,1,0.5,0.5,0
1557449,0.5,1,1,0.5,1,0.5,1,0.5,1,1
1282557,1,1,0.5,0,1,0.5,1,1,0.5,0.5
2420298,1,0,1,1,0.5,1,0.5,0.5,1,1
2554933,0,0.5,1,1,1,1,0.5,0.5,1,1
488551,0.5,0.5,1,1,1,1,0.5,1,0.5,1
1904865,1,0.5,1,0,1,1,1,1,0.5,0
996577,0.5,1,0,1,1,0.5,0.5,0,1,0
1665685,0.5,1,1,0,1,1,0.5,0.5,0.5,1
904803,1,0.5,1,0.5,1,0.5,1,1,0.5,1
881457,0.5,1,1,1,0.5,0.5,0.5,1,1,1
252119,1,0.5,1,1,0.5,0.5,0.5,1,0.5,1
2135410,1,1,1,0,0.5,1,0.5,1,0,1
9399,0.5,1,0.5,1,1,0.5,1,0.5,0.5,1
206903,1,0.5,0,1,1,0.5,0.5,1,0.5,1
2577882,1,0.5,0.5,0.5,1,1,1,0.5,0,1
2269100,1,1,0,0,1,1,0.5,1,0.5,1
348244,1,1,1,1,1,1,0.5,0.5,0.5,0.5
2565354,0.5,1,1,1,0.5,1,0.5,1,0,0.5
1653320,1,1,0.5,0.5,1,0.5,0.5,1,1,0.5
2314956,0,1,1,1,0.5,1,0.5,0.5,1,0.5
297100,1,1,1,1,1,0.5,1,0,0.5,0.5
929308,0,1,1,1,0.5,1,0.5,0.5,0,0
1024066,1,1,1,0.5,0,1,0.5,0.5,0.5,0.5
1494552,0.5,0.5,0,1,1,1,1,1,0.5,1
2360767,1,1,0.5,0.5,1,0.5,1,1,0.5,1
556776,0.5,0.5,0,1,1,0.5,1,1,1,0
755584,1,0.5,1,1,0,0.5,0.5,1,1,1
2322383,1,0.5,0.5,1,1,0.5,1,1,0.5,1
1295473,1,1,1,0.5,0.5,1,1,0,1,0
768810,0,0.5,1,1,1,0.5,1,0.5,0.5,1
1384093,1,1,0.5,0.5,0.5,1,1,1,1,0.5
1807245,1,0.5,0.5,0.5,1,1,1,1,0,1
1478291,1,0.5,0.5,1,1,0.5,1,1,0,0
1961236,1,0.5,0,0.5,0.5,0.5,1,0.5,1,1
2397061,1,0.5,0.5,0.5,1,1,0.5,1,1,0.5
2166018,0.5,1,1,1,0.5,1,0.5,0.5,1,0.5
768176,1,1,0.5,0.5,1,1,1,0.5,0.5,1
1646964,1,1,0.5,1,1,0.5,0.5,1,0.5,1
744631,0.5,0.5,1,1,0.5,0.5,0.5,1,1,1
48282,1,1,0.5,0.5,0.5,1,0.5,1,1,1
437586,1,1,0.5,0,1,0.5,1,1,0.5,0.5
728413,1,1,1,0.5,1,1,0.5,0.5,0.5,1
2532100,1,1,0.5,0.5,1,0.5,0.5,0.5,0.5,1
531117,0.5,1,1,0.5,1,1,0.5,1,0.5,1
389581,1,1,0.5,1,0.5,0.5,1,0.5,1,0.5
1672832,1,0.5,0,1,0.5,0.5,1,1,1,1
1407028,1,0.5,0.5,0,1,0.5,0.5,1,0.5,1
1431911,0.5,0.5,0.5,1,1,1,0.5,1,0.5,0
826696,0.5,1,1,1,0.5,1,1,0.5,1,0.5
2539096,1,0.5,0.5,0,1,0.5,1,1,1,1
922511,1,1,0.5,1,0,1,1,0.5,0.5,1
2632990,1,1,1,1,0.5,1,0.5,1,0.5,0.5
323253,1,1,0.5,1,1,0.5,1,0.5,0.5,0
70893,1,1,0.5,0.5,0.5,0.5,1,1,1,1
2136912,0,1,1,1,1,0.5,0.5,0.5,1,1
1581500,1,0.5,0.5,0.5,1,1,0.5,1,0.5,1
1207465,1,0.5,0.5,1,1,1,0.5,0,1,1
414604,1,1,1,0.5,0.5,1,1,0,0.5,1
98676,0,1,0.5,0,1,1,1,1,0.5,1
1141848,1,0.5,1,1,1,0.5,1,0.5,0.5,1
1230594,0,1,1,0,1,1,0.5,0,0.5,1
2312349,0,1,1,1,0,0,0.5,0.5,1,1
1692007,1,0.5,1,1,0.5,1,1,0.5,0.5,0
2129174,1,0.5,0.5,1,1,0.5,1,0.5,0.5,1
2647197,1,0,1,1,1,0.5,0.5,0,0.5,0
2396118,0,1,1,0,1,1,0.5,1,0.5,1
2066039,1,0.5,0.5,0.5,1,1,1,0.5,0.5,1
1968107,0.5,0.5,1,1,1,0.5,0.5,1,1,1
1307666,1,0.5,0,1,1,0.5,0.5,1,0.5,1
5530,0.5,1,1,1,1,1,0.5,0.5,1,0.5
264900,0.5,1,1,0.5,0,1,0.5,1,1,0
1102418,1,0.5,0.5,1,1,0.5,1,1,0.5,1
966426,0.5,1,1,1,1,1,0.5,0.5,0,1
813521,1,0.5,0.5,1,1,0.5,0.5,0.5,1,0.5
1953066,1,1,0.5,0.5,1,1,1,0.5,0.5,1
2051329,0.5,1,1,1,0.5,1,0.5,1,0.5,1
2629184,1,1,1,0.5,0.5,0.5,0.5,1,1,1
2571860,0,0.5,1,0,0.5,1,0.5,0,1,1
2440242,0.5,1,1,1,0.5,1,1,0.5,1,0.5
947574,1,0.5,0.5,0,1,1,0.5,0.5,1,0.5
1226957,1,0.5,0,1,1,1,0.5,0.5,0.5,1
516721,1,1,1,0.5,0.5,0.5,1,1,1,0.5
1704311,0,1,1,0.5,0.5,1,1,1,1,0.5
398661,1,1,1,0.5,0.5,1,0.5,0.5,1,1
334185,0.5,1,1,1,1,1,0.5,0.5,0,0
2206151,1,1,1,1,0.5,0.5,0.5,0.5,1,1
1262684,1,0.5,1,0,1,0.5,0.5,1,0.5,1
2621962,0.5,1,1,0.5,1,1,1,0,1,0.5
1486956,1,0.5,0,1,0.5,0.5,0.5,1,1,1
775020,1,1,1,0.5,0.5,0.5,0.5,1,1,1
915898,1,1,0.5,0,1,1,1,0.5,0.5,1
519520,0.5,0.5,1,1,0.5,1,1,0.5,0.5,1
2355625,0,1,1,1,0,1,1,0.5,0.5,0
2647888,1,1,1,0.5,0.5,1,0.5,0.5,1,1
2533480,1,0.5,0.5,1,1,0.5,0.5,0.5,1,0.5
50075,1,0.5,1,1,0.5,1,0.5,0.5,0.5,0
628251,1,1,0.5,1,1,0.5,1,0.5,0.5,0.5
1287490,1,1,0.5,1,1,1,1,0.5,0.5,0.5
2241806,1,0.5,0.5,0.5,1,0.5,1,0.5,1,1
1181550,1,1,0.5,0.5,1,0.5,1,1,1,0.5
2595156,0,0.5,1,0,1,1,1,1,0.5,1
1993625,0,1,0.5,0,1,0.5,0.5,1,1,0.5
1852037,0.5,0.5,1,1,1,0.5,0.5,0.5,1,1
1551591,0.5,1,1,1,1,1,0.5,0.5,0.5,1
1616135,0.5,1,0,0,1,0,1,1,1,0.5
779744,0.5,1,1,1,1,0.5,0.5,1,0.5,1
1528418,0.5,1,0,1,0,1,1,0,1,1
838669,0.5,1,0.5,1,1,0.5,1,1,0.5,1
1127519,1,1,0.5,0.5,0.5,0.5,1,1,0,1
1922797,1,0.5,0,1,0.5,0.5,0.5,0.5,1,1
738747,1,0.5,1,1,1,0.5,1,0.5,0.5,1
205438,1,0.5,1,1,1,1,1,0.5,0.5,0.5
2133771,1,1,1,1,0,1,1,0.5,0,0
942513,0.5,1,1,0,0,0.5,1,1,1,0.5
282447,1,0.5,0.5,0.5,1,1,1,1,0.5,0.5
1553270,1,1,0.5,1,0.5,1,1,1,0.5,0.5
2624910,1,0.5,1,1,0.5,1,1,0.5,1,0.5
1203374,0,0.5,0,0,0.5,1,1,1,1,1
2356682,0.5,1,1,0.5,0.5,1,0.5,0.5,0.5,1
1590157,1,1,1,1,0.5,1,0.5,0.5,1,0.5
1426662,1,0.5,0.5,0.5,1,1,1,1,0.5,0.5
815953,0.5,0,1,1,0.5,0.5,0.5,1,1,1
1892097,0.5,1,1,1,0.5,0.5,0.5,1,0.5,1
2360665,0,1,1,1,0.5,0.5,0.5,1,1,0.5
1416948,0.5,1,0.5,1,1,0.5,0.5,0.5,1,0.5
1875549,0,1,1,0.5,0.5,1,0.5,0,1,0.5
2598035,1,1,0.5,1,1,1,0.5,1,0.5,0
1685049,1,1,0.5,0.5,0,1,1,1,0.5,1
2124342,1,0.5,0.5,1,1,1,0.5,1,0.5,1
2482502,0.5,1,0.5,0.5,0.5,1,1,1,1,1
1775187,1,1,0,0,1,0.5,0.5,1,1,1
2422606,1,0.5,0.5,1,1,1,1,0.5,0.5,1
249471,0,1,1,1,1,1,0.5,0,1,0
1982465,1,0.5,1,0,0,1,0.5,0.5,1,1
108891,0.5,1,1,1,0,1,0.5,0,1,1
1518269,1,0.5,0.5,1,1,1,1,1,0.5,0.5
2571175,0,1,1,0,0.5,0.5,1,0.5,1,1
2120767,1,1,0.5,1,1,0.5,0.5,0.5,1,1
87360,0.5,0.5,0.5,0,1,1,1,1,1,1
1738133,0.5,0.5,1,1,1,0.5,1,0.5,0.5,0.5
2098963,1,1,0.5,0.5,1,1,1,0.5,0.5,0.5
2360796,1,0.5,0.5,1,1,0.5,1,1,0.5,0.5
30873,1,0.5,0,0,1,0.5,1,1,0.5,1
2223273,0,1,1,0,1,1,0.5,0.5,0.5,1
441442,1,0,0.5,0,1,1,1,1,0.5,1
294406,1,1,1,1,0.5,0.5,0.5,1,0.5,1
255879,1,0.5,1,1,0.5,1,0.5,1,1,0.5
2461835,1,1,0.5,1,1,1,0.5,0.5,0.5,1
282390,1,1,0.5,1,1,1,1,0.5,0.5,0.5
1720041,1,1,1,0.5,0,0.5,0,1,1,1
1053115,1,1,1,0.5,1,0.5,1,1,0.5,0.5
412805,0,1,0,0,0.5,1,0,1,1,1
848193,1,1,0,1,1,1,1,0.5,0.5,0.5
1232194,1,0,0.5,1,1,1,0.5,0.5,1,1
2512814,1,1,0.5,1,1,0.5,0.5,1,0.5,1
2278535,1,1,0.5,1,0.5,1,0.5,1,0.5,0.5
1715533,1,1,0.5,0.5,1,1,0.5,0.5,1,1
2393478,1,1,1,0.5,0.5,0,1,0.5,1,0.5
639194,1,0.5,0,1,1,0.5,1,0,0.5,1
1741099,1,0.5,0.5,1,1,1,1,0.5,0.5,0.5
2101803,0,0.5,0.5,1,1,0.5,1,1,0,1
1780039,1,0.5,0,0.5,0.5,0.5,1,1,1,1
1018901,0.5,1,0,1,1,0,0.5,1,1,1
951446,0,1,1,0,1,1,1,0.5,1,0
199769,1,1,1,0,0.5,1,0.5,1,1,0.5
1144870,0.5,0,1,1,0.5,0.5,1,1,1,1
2429396,0.5,1,1,0.5,0.5,1,1,0,0.5,1
391799,1,1,0.5,1,0.5,1,0.5,0.5,1,0.5
1934347,1,0,1,0,1,1,0.5,1,1,0
1643961,1,0.5,0.5,1,1,0.5,0.5,0.5,1,0.5
2454662,1,1,0.5,0,1,0.5,1,1,0.5,1
56790,1,1,0.5,1,0.5,0.5,1,0.5,1,1
2474887,1,1,0.5,0.5,1,0.5,1,0.5,0.5,1
875723,1,0.5,0,1,1,0,0.5,1,1,1
1401233,1,0.5,1,1,1,0.5,0.5,1,0.5,1
1018210,1,0.5,1,1,1,1,0.5,0.5,0.5,0
1964735,1,0.5,0.5,1,1,0.5,1,1,0.5,1
1880766,1,0.5,0.5,0,1,1,1,1,0.5,1
2112383,1,0.5,0.5,0.5,1,0.5,1,1,0.5,1
2147714,1,1,1,0.5,0,1,0.5,0.5,1,0.5
2278527,0.5,0.5,1,1,1,0.5,1,1,0.5,1
2265316,0.5,0.5,0.5,0.5,1,1,1,0.5,1,0.5
1935981,1,0,1,1,1,0.5,1,1,0.5,0
1871161,1,0.5,0,1,1,1,0,1,0,1
325552,1,1,0.5,0.5,1,1,0.5,0.5,0.5,1
37797,0.5,1,1,0.5,1,0,0.5,1,1,1
1324068,1,1,0.5,1,0.5,0.5,0.5,1,1,0.5
2561741,1,0.5,1,0.5,0.5,0.5,1,1,1,0.5
287695,1,0.5,1,1,1,1,1,0.5,0.5,0
598256,1,1,1,1,0.5,0.5,1,0,0.5,1
94821,1,0.5,1,1,0.5,1,0.5,0,1,1
2077046,1,0.5,0.5,1,1,0.5,1,1,1,0.5
973870,1,1,1,1,0,0.5,1,1,0.5,0.5
2442028,0.5,1,0,0.5,1,0.5,1,1,1,0.5
2188684,0.5,1,0.5,1,1,0.5,1,1,0,1
1490567,0,0.5,0,1,1,0.5,1,1,0.5,0.5
1455336,1,0,0,0.5,1,0.5,1,1,1,0
2322355,0.5,1,1,1,0.5,0.5,1,1,0.5,1
1087551,1,0,0,1,1,0.5,1,1,0,0.5
2360244,0.5,0,0.5,0,1,1,1,1,1,0
2426964,1,0.5,0.5,0,1,0.5,1,1,1,1
1611857,1,0.5,0.5,1,0.5,0.5,1,1,1,0.5
2297698,1,0.5,0,1,1,0.5,0.5,0.5,0.5,1
2196083,0.5,1,1,0.5,0.5,1,0.5,1,1,0
974375,1,0,0.5,0,1,0,1,1,0,0.5
1949876,1,0.5,0.5,1,1,0.5,0.5,1,1,1
429565,0.5,0.5,0.5,0.5,1,1,1,0.5,1,0.5
776939,1,0.5,0.5,1,1,0.5,1,1,0.5,1
2330786,0.5,0.5,0.5,0,1,1,1,1,0.5,1
982661,0,0.5,0,1,1,0.5,1,0.5,1,1
508652,0.5,1,1,1,0.5,0,1,0.5,1,0.5
312695,1,0.5,1,1,0.5,0,1,0.5,0.5,1
1977959,0,1,0,0.5,1,1,0.5,0.5,1,0.5
166205,1,1,1,1,0.5,0.5,0.5,0.5,0.5,1
1599873,0.5,1,1,1,0.5,1,1,0,0.5,1
1372226,0.5,0.5,0,0.5,1,1,0.5,1,1,1
574499,0,1,1,1,0,1,0.5,0,1,0.5
2076954,1,1,0,1,0.5,0.5,0.5,0.5,1,1
1819879,1,1,1,0,1,1,0.5,0.5,1,0
2539243,1,0.5,0,1,1,1,0.5,1,0,0.5
406841,0,1,1,1,1,0,1,0.5,0.5,1
579190,1,0.5,0,0,1,1,0.5,0.5,1,0.5
1312732,0.5,1,0,0.5,0.5,1,1,0.5,1,0
2103314,1,0,1,1,0.5,0,0.5,1,1,1
1085610,1,0.5,1,1,1,0.5,0.5,0.5,0.5,1
280167,0.5,1,1,0,1,1,0.5,0.5,1,0.5
731988,1,0.5,1,0,1,1,0,1,0.5,0.5
801512,1,0.5,0,1,0.5,1,1,0,0.5,1
915193,1,1,0.5,0,0.5,1,0.5,1,1,1
1501869,1,1,0.5,1,1,0.5,0.5,0.5,0.5,1
2564688,1,1,0.5,1,1,1,0.5,0.5,0.5,1
274650,0,1,1,1,0.5,1,1,0.5,0.5,0
642384,0.5,1,1,0.5,0.5,0.5,1,1,0.5,1
925611,0.5,1,1,0.5,1,1,1,1,0.5,0
865027,1,0.5,0.5,0,1,1,0.5,1,1,1
1275790,0,0.5,0,1,0.5,0.5,0.5,1,1,1
2130859,1,1,1,1,1,0.5,0.5,0.5,0.5,0.5
1360042,1,1,1,0.5,0.5,1,1,0.5,0.5,1
1939763,1,0.5,0.5,1,0.5,0.5,0.5,0.5,1,1
20328,0.5,1,0.5,1,1,0.5,1,0,1,1
204504,0.5,0.5,0.5,1,1,0.5,1,1,1,1
234639,1,0.5,0.5,1,1,1,0.5,0.5,1,0.5
454171,0,0.5,1,1,1,1,0.5,1,1,0.5
2325737,1,0.5,1,0.5,1,0.5,1,1,0.5,0.5
201303,0.5,0.5,1,1,0.5,1,1,0.5,1,1
2554745,0,1,1,1,0,1,0.5,1,1,0
1226073,1,1,1,1,0.5,0.5,1,0.5,0.5,0.5
2120652,0.5,0,0,1,1,0.5,1,1,1,1
2496628,0.5,1,0.5,0.5,0.5,1,1,1,1,1
2396197,0,1,1,1,0.5,1,0.5,0.5,1,1
2311049,1,0.5,1,1,0.5,0.5,1,1,0.5,1
600835,1,0.5,1,1,1,0.5,1,0.5,0,1
722394,1,0.5,1,1,1,1,1,0.5,0.5,0
940917,1,1,0.5,0,1,0.5,1,1,0,1
578311,0.5,1,1,0.5,1,1,1,0,0,0
182445,1,0,1,0.5,1,0.5,1,1,0,1
506155,1,0,1,0.5,0.5,1,1,1,1,0.5
613438,1,1,0.5,0,0.5,1,1,1,0.5,1
684220,1,0.5,0.5,1,1,0.5,1,1,1,0.5
2033811,1,0.5,0.5,0,1,1,1,1,0.5,0.5
1359770,1,1,0.5,1,1,0.5,1,1,0.5,0.5
541376,1,1,1,0.5,1,0,0.5,0.5,1,1
1701632,0.5,1,0,1,1,0.5,0.5,1,1,1
206243,0.5,0.5,0,0.5,1,0.5,1,1,1,1
1763979,1,0.5,0,1,1,0.5,1,1,0.5,0.5
1794738,1,1,0.5,1,1,0.5,0.5,1,1,0.5
667145,1,0.5,0.5,0.5,1,1,1,0.5,1,1
748777,0.5,0.5,0,0,1,0.5,1,1,0.5,1
2463816,0,1,1,0.5,0.5,0.5,1,1,1,0.5
2034933,1,1,1,1,0.5,1,0.5,0.5,0.5,0.5
438116,0.5,1,0.5,0.5,0,0.5,1,1,1,0.5
517441,1,1,1,0.5,0.5,0.5,1,1,1,0
1717532,0.5,1,0.5,0.5,1,1,1,0.5,1,1
1634710,0.5,1,1,0.5,0.5,0.5,1,1,0.5,1
2385963,1,0.5,0.5,1,1,0.5,1,0.5,1,1
655837,1,0.5,0.5,0.5,1,0.5,1,1,0.5,1
2346150,1,0,1,1,0.5,0.5,1,0.5,0.5,1
566016,1,0.5,0,1,1,0.5,1,0.5,1,0
1740380,0.5,1,1,1,0.5,1,1,0,0.5,1
808873,1,1,1,1,0.5,1,0.5,0.5,0.5,1
308257,0.5,0.5,0.5,0.5,1,1,0.5,1,0.5,1
1428930,1,0,0.5,1,1,0.5,1,1,0.5,1
2516525,0.5,1,0.5,1,1,0.5,0.5,1,0.5,1
2629660,1,1,0.5,0.5,0,0.5,0.5,1,0.5,1
1054783,1,0.5,0.5,0.5,0.5,1,1,1,1,1
2461079,0.5,1,0,1,1,0.5,0.5,1,0.5,1
378784,1,0,1,1,0.5,1,1,0,0.5,1
2057529,1,0,0,0.5,0.5,0.5,0.5,1,1,1
621244,1,0.5,0.5,0.5,1,0.5,1,1,1,1
1860246,1,1,1,1,0.5,0.5,1,0.5,1,0.5
367727,1,0.5,1,1,0.5,1,1,1,0.5,0.5
1281478,0.5,1,0.5,1,0.5,0.5,1,0.5,0.5,1
734269,0.5,1,0,1,0.5,1,0.5,0.5,0.5,1
2234535,0.5,1,0.5,1,0.5,1,1,1,1,0.5
1726499,1,0.5,0,1,1,1,1,0,0.5,1
1365790,0,1,1,1,0.5,0.5,1,1,0.5,1
2180413,0.5,1,0.5,1,0.5,1,0.5,1,1,1
2577726,0,0.5,1,1,1,0.5,0.5,1,1,1
1055714,0.5,1,1,0.5,0.5,1,0.5,0,1,0.5
1632290,0.5,1,1,0.5,0.5,1,1,1,1,0
1727111,1,0.5,1,1,0.5,0.5,0.5,1,0.5,1
1814136,1,0.5,1,0.5,0,1,0.5,0.5,0.5,1
955706,0.5,0.5,1,1,1,0.5,1,1,1,0
349572,0.5,0.5,0.5,0,1,1,0.5,1,1,1
1444489,1,1,1,0,0.5,0.5,1,0.5,0,0.5
1126751,1,0,0.5,1,1,1,1,0,0.5,0
2612104,1,0.5,1,1,0.5,0.5,1,0.5,0.5,1
155620,0,1,1,0.5,1,1,0.5,0.5,1,0.5
1951053,1,1,1,1,0.5,0.5,1,0.5,0.5,1
1487011,1,1,1,1,0.5,0.5,1,0.5,1,0.5
1845777,0.5,1,1,0.5,1,1,0.5,0.5,1,0.5
1252110,1,0.5,0,1,1,0.5,0.5,1,1,1
312706,1,1,0.5,0.5,1,0.5,0.5,0,1,1
1190685,0,1,1,0.5,1,1,1,0.5,0.5,1
50214,1,0.5,1,1,0,1,1,1,0.5,0.5
1574597,0.5,1,1,0.5,0.5,1,1,1,0.5,0.5
1257698,0.5,1,1,1,0.5,0,1,1,0,1
1091467,1,0.5,1,0,1,1,0.5,0.5,1,0.5
1999678,1,1,1,1,1,0.5,0.5,0.5,0.5,0.5
340702,0,0.5,0,1,1,0,1,1,1,0
1545940,1,0.5,0,1,1,0.5,0.5,1,0,1
2152805,0.5,1,0.5,1,0.5,0.5,1,0.5,1,1
1430656,1,1,1,1,0.5,1,0.5,0.5,0.5,1
2124083,1,1,0.5,0.5,0.5,1,0.5,0.5,1,1
1979820,0,1,1,0,0,1,1,0.5,1,0
2515276,0.5,1,0.5,0,1,0.5,1,1,1,0
1441961,1,0.5,1,1,0.5,1,0.5,1,0.5,1
1152362,1,0.5,0.5,1,1,0.5,0.5,1,1,0.5
2511730,1,0.5,1,0.5,1,1,0.5,1,1,0.5
1546549,1,0.5,0.5,1,1,1,1,1,0.5,0
1364878,1,1,0.5,1,1,0.5,0.5,1,0,0.5
950733,0.5,1,0.5,1,1,1,1,0.5,1,0.5
682739,0.5,1,0.5,0.5,1,1,0.5,1,1,1
1385580,1,0,1,1,0.5,1,1,1,0.5,0.5
1987400,1,0.5,0.5,1,1,1,0.5,0,0.5,1
700490,1,1,1,0,0.5,1,0.5,1,0.5,0.5
2370740,1,1,0.5,0.5,0.5,0.5,1,1,1,1
513501,1,1,0.5,1,0.5,0.5,1,1,0.5,0.5
2595888,1,1,0.5,0,1,0.5,1,0.5,1,0
1109861,0.5,0,1,0,1,0,1,1,1,1
1220170,1,0.5,1,1,1,1,0.5,0.5,1,0
1603364,1,0.5,1,0.5,1,0.5,1,1,0,1
2119007,1,0,0.5,0.5,1,1,1,0.5,1,0.5
1242044,1,0,0.5,0.5,1,0.5,1,1,1,1
1636268,0,1,0.5,0,1,0.5,0.5,1,1,1
1606342,1,0.5,0,0.5,1,1,1,1,1,0
2559843,0,0.5,1,0,1,0.5,0.5,1,0.5,1
1134379,1,1,0.5,0,1,0.5,1,1,0,1
1300687,1,0.5,0.5,1,1,1,1,0,0.5,0.5
1710306,1,0,0.5,1,1,1,0.5,1,0,1
1267957,0.5,0.5,0.5,1,0.5,1,1,0,1,1
1757328,1,0.5,0,1,1,0,1,1,0.5,0
804602,1,0.5,0.5,1,1,1,1,0,1,0
2013958,1,0.5,1,1,1,0.5,1,0.5,0.5,1
2551686,0.5,1,1,1,0.5,1,1,1,0.5,0.5
596918,0.5,1,1,0,0.5,0.5,1,1,1,0.5
1268483,0.5,1,0.5,1,0.5,1,1,0.5,1,0.5
1841056,1,1,1,1,0.5,0.5,1,1,0.5,0.5
1262971,1,0.5,0.5,0.5,1,1,1,0.5,1,1
2104443,1,1,0,1,1,0.5,0.5,1,0.5,1
674963,1,0.5,1,0,0,1,1,1,1,0.5
1160024,1,0.5,1,1,1,0.5,1,1,0.5,0.5
2091625,1,1,1,0,0.5,0.5,1,1,0.5,1
715542,1,0.5,0.5,1,1,1,1,0.5,0,1
2469190,1,1,0,1,1,0.5,1,0.5,0,0
2356911,1,1,1,0.5,0,0.5,0.5,1,1,0.5
1902609,0,1,1,0.5,0,1,0.5,0.5,0.5,1
1348456,0.5,1,0,1,0,1,0.5,1,1,1
2522148,1,1,0.5,0.5,1,1,1,1,0.5,0.5
1675280,0.5,1,1,0.5,0.5,1,1,0.5,1,1
2019921,1,1,0.5,1,0.5,0.5,1,1,1,0.5
1734505,0.5,0.5,0.5,1,1,1,0.5,0.5,1,1
2506564,1,0.5,0.5,0.5,1,1,0,0.5,0.5,1
389391,1,1,0.5,1,1,0.5,1,1,0.5,0.5
1456657,0.5,0.5,0,1,1,0.5,1,1,1,1
823101,1,1,1,0.5,0.5,0.5,1,1,0.5,0
753480,0.5,1,0.5,1,0.5,0.5,1,0.5,0.5,1
1273765,0.5,0,0.5,1,0.5,0.5,1,1,1,1
796122,1,1,0,0.5,1,0,0.5,1,1,1
2501068,0.5,0.5,1,1,0.5,0.5,1,1,1,1
2221951,1,1,0.5,0,0.5,0.5,1,1,1,0.5
319368,0.5,0,1,1,0.5,1,1,1,0.5,1
1427259,0,1,1,1,0.5,0,1,0,0.5,1
990831,1,0.5,0,1,1,0.5,0.5,1,1,1
2198123,1,0.5,0.5,0,0.5,0.5,1,1,1,0.5
2139083,1,0.5,0.5,1,1,1,0.5,0.5,0.5,1
352258,0,0.5,0.5,1,0.5,1,1,0.5,0,1
595284,0,1,1,0.5,0.5,1,1,1,1,0.5
2061360,0.5,1,1,1,1,0.5,0.5,0.5,1,0.5
1026162,0,0.5,1,1,0,1,1,1,0.5,1
1800301,1,1,0.5,1,1,0.5,0.5,0,0.5,1
563186,1,1,1,1,0.5,1,0.5,0.5,0,1
1132514,0,1,1,0,0.5,1,0.5,1,1,1
1684232,0,1,0.5,1,1,1,0.5,0.5,1,0.5
735636,1,0.5,1,0.5,1,0.5,0.5,0.5,1,1
392731,1,1,1,1,0,0.5,1,0.5,0.5,1
1797483,0.5,1,0.5,0.5,0.5,0.5,0.5,1,1,1
2626675,0,1,1,0,1,1,0.5,0.5,0.5,1
1631281,0.5,0.5,1,0,1,1,1,1,0.5,1
979363,0.5,0.5,0.5,1,0.5,1,1,1,0.5,1
1935793,0,0,1,1,1,1,0,0,0,1
2378393,1,1,0.5,1,0,1,1,0.5,0.5,1
2629765,0.5,1,0.5,0.5,1,1,0.5,1,0.5,1
1827071,1,0.5,1,0,1,1,0.5,1,0,1
867311,0.5,1,0.5,0.5,1,1,1,0.5,1,0.5
2219709,1,1,1,0.5,0,1,0.5,0.5,1,0.5
539112,1,1,1,1,1,0.5,0.5,1,0.5,0.5
2243423,0.5,1,0.5,0.5,1,1,0.5,1,1,1
27061,0.5,0.5,1,0.5,0.5,1,1,0.5,1,1
1926651,1,1,1,0,0,1,0.5,1,1,0
1687961,1,0.5,0.5,1,0,1,1,0.5,1,1
1162007,0.5,1,1,0.5,1,1,0.5,0.5,0.5,0.5
2444438,0,1,1,0.5,0.5,1,0.5,0.5,1,0.5
1174162,1,0.5,0.5,1,1,1,0.5,0.5,0.5,1
2456635,0.5,1,1,1,0.5,1,1,0.5,1,0.5
785931,1,1,0.5,1,1,1,0.5,0.5,0.5,1
563585,0.5,0.5,0.5,1,1,0.5,0.5,1,1,1
851702,0.5,1,0.5,1,0.5,1,0.5,1,1,1
1315249,1,0.5,0.5,0.5,1,1,0.5,1,1,1
1429794,0,1,1,1,0,1,0.5,1,1,0.5
2235414,1,1,0.5,0.5,1,0.5,1,1,0.5,1
86365,1,1,0.5,1,1,0.5,1,1,0,0.5
1080872,0.5,1,0.5,1,1,0.5,1,1,1,0
1161725,1,0,0.5,0.5,0.5,0.5,1,1,0.5,1
2464928,1,0.5,1,0,1,1,1,0,0.5,0
2216056,1,1,1,0,1,0.5,1,0.5,1,0.5
2466146,0.5,0.5,0.5,0.5,1,0.5,1,1,0.5,1
629383,1,1,0,1,1,0.5,0.5,1,0.5,1
1151461,0.5,0,1,0.5,0.5,0.5,1,1,1,1
1835357,1,0.5,0.5,1,1,0.5,1,1,0.5,1
1381955,1,1,0,0.5,1,0.5,1,1,0.5,1
1287017,0,1,1,0,1,1,1,0,0.5,1
1602339,1,1,0.5,0.5,0.5,1,1,1,1,0.5
1566775,0.5,1,0.5,1,1,0.5,1,1,0.5,1
1818059,1,0,0,1,1,0.5,1,1,0.5,1
2622948,1,0.5,1,0.5,1,0.5,1,0,0.5,0
89248,1,0.5,0.5,0.5,0.5,0.5,0.5,1,1,1
1831550,1,0.5,0.5,1,1,0.5,1,0.5,1,0.5
1279283,1,0.5,0.5,0,1,1,0.5,1,0,1
873713,1,0.5,1,0,1,0.5,1,0.5,0.5,1
1792238,0.5,0,0,0,1,1,1,1,1,0
1094019,1,0.5,0.5,1,1,0.5,0.5,0.5,1,1
395606,1,0.5,1,1,1,0.5,0.5,1,0,1
1737862,1,1,1,1,0,1,1,0,0.5,0
1686134,0,1,1,1,0.5,0.5,1,0,1,0
2102846,0.5,1,0.5,0.5,1,0.5,1,1,1,1
2332058,1,1,0,1,1,0.5,1,1,0,0
2562859,0,1,1,0,0.5,1,1,0.5,1,1
1486688,0.5,1,1,0.5,0.5,1,1,0.5,0.5,1
341806,0.5,1,1,0.5,1,0.5,0.5,1,1,1
520472,1,0.5,0.5,0,1,1,0.5,1,1,0.5
1929765,1,1,0.5,0,1,0.5,0.5,1,0.5,1
1950809,0.5,1,0.5,0.5,0.5,0.5,1,1,1,1
1698802,0,0.5,1,0.5,1,0.5,0.5,1,1,0
2395020,0.5,0.5,1,1,0.5,0.5,1,1,1,0.5
378732,1,1,0.5,0,0.5,0.5,1,1,1,0.5
1835511,1,1,0.5,1,0.5,0.5,0.5,0.5,1,0.5
2224734,1,0.5,0,1,0.5,0.5,1,1,0.5,1
996461,0.5,0.5,0.5,1,1,0.5,0.5,1,1,1
239518,0.5,1,0,0,1,1,0.5,1,1,0.5
1841692,0.5,0.5,0.5,0,0.5,1,1,1,1,0.5
2018877,0.5,0.5,1,0.5,1,1,1,0.5,0.5,1
2522946,1,1,0.5,1,0.5,0.5,0.5,1,1,1
234798,1,1,1,1,0.5,1,0.5,0.5,0.5,1
691210,1,1,1,1,0.5,1,1,0.5,0.5,0.5
1057513,0.5,0.5,1,0,1,1,1,1,0.5,1
1892170,0.5,1,0.5,0,1,1,0.5,0,0,1
2006914,1,1,1,1,0.5,0.5,0.5,0.5,1,0.5
341814,0,1,0,0.5,0.5,1,1,1,1,1
819867,0.5,0.5,1,1,1,0.5,0.5,1,1,1
2151359,0.5,0.5,0.5,0.5,1,1,0.5,0,1,1
781505,1,1,1,0.5,0.5,1,0.5,1,0.5,1
212227,1,0.5,0.5,0.5,1,1,1,0,0,0.5
445501,1,0,0,1,1,0.5,1,1,0.5,0.5
2388935,1,0.5,1,0,1,1,0.5,1,0.5,0
163951,1,0.5,1,1,0.5,0.5,1,0.5,0.5,1
1122106,0,1,0.5,0,1,1,0.5,1,1,1
1467076,0.5,0.5,1,0.5,1,0.5,0.5,1,1,1
918206,1,1,1,0.5,0.5,1,0.5,1,0.5,0
2085421,1,0,0,1,1,0,0.5,1,1,1
2512235,0.5,1,1,0,0,1,0.5,0.5,0.5,1
470369,0,1,1,0.5,0,1,0.5,0.5,0.5,1
221694,0.5,1,0.5,0,1,0.5,1,0.5,0.5,1
1497891,1,0,0,0.5,1,1,0.5,1,0.5,1
2134111,1,1,1,0,0.5,1,0.5,1,0,1
1060623,1,0.5,0.5,0.5,0.5,1,1,0.5,1,1
1862911,0.5,1,1,0.5,0,1,0.5,0,1,0
901684,1,1,1,1,0,0.5,0.5,0,0.5,0
1578405,0.5,1,1,0,0.5,1,1,1,0.5,1
658645,0,1,0,0.5,1,1,0.5,1,1,1
1766660,1,0.5,1,1,1,1,1,0.5,0.5,0.5
1221897,1,1,0.5,0.5,1,1,0.5,0.5,1,0.5
385287,1,1,1,1,0.5,1,0.5,0,0.5,1
1832023,0,1,1,1,0,1,1,0.5,1,0
1704248,1,1,1,1,0.5,0.5,1,0.5,0.5,0
773040,0,0.5,1,1,1,1,0.5,1,0.5,1
2376892,1,0.5,0.5,0,1,0.5,1,1,0.5,1
948801,1,1,0.5,0.5,1,1,0.5,1,0,0.5
2553247,1,0,0.5,1,1,1,0.5,1,0.5,1
762999,1,0,1,1,0.5,1,1,0.5,1,0.5
2127755,0,1,1,1,0,0.5,0.5,0.5,1,1
968242,1,0.5,0.5,0.5,1,1,1,1,0.5,1
1899578,0.5,0.5,0.5,1,1,1,0.5,0.5,0.5,1
1727342,1,0.5,0,1,1,0.5,1,0.5,0.5,0.5
1376671,0.5,1,0.5,1,1,1,1,0.5,0.5,1
2484944,1,1,0.5,0,1,0.5,0.5,0,0,1
2626033,1,0.5,0.5,0,1,1,1,0.5,1,1
471064,0.5,1,1,0.5,0.5,1,0.5,1,1,0
514829,1,0.5,0.5,0.5,1,0.5,1,1,0.5,0.5
1414878,0.5,1,0.5,1,1,1,0.5,1,0.5,0.5
2332009,0.5,0.5,0.5,0.5,1,0.5,1,1,0.5,1
2134425,1,0.5,0.5,1,1,0.5,1,1,0.5,1
2199237,0,0.5,1,1,0.5,0.5,1,1,0.5,0
236160,0,1,1,1,0,1,0.5,0,0.5,0
1263008,1,1,0.5,0.5,1,0.5,1,1,0,0
2307327,0.5,1,0.5,0.5,0.5,0.5,1,1,0.5,1
1146632,0.5,0.5,0.5,1,1,0.5,1,0.5,1,0.5
675283,1,0.5,0.5,0.5,1,0.5,1,1,1,1
2262890,1,1,1,0,0.5,1,1,0.5,1,0
1255348,1,1,0.5,0.5,1,0.5,1,1,0.5,1
1298511,0.5,1,1,1,0.5,1,0.5,0.5,1,0
1100816,0.5,1,0.5,0,0.5,1,1,1,1,1
2225743,1,1,0,0,1,1,1,0,0,1
1970974,0.5,0,0.5,0,1,0.5,1,1,1,1
2151488,1,1,1,0.5,1,0.5,1,0.5,1,0.5
806798,0.5,0.5,0.5,1,0.5,0.5,1,1,1,0.5
1481171,1,0.5,1,0.5,1,0.5,1,1,0.5,1
2233803,0,1,1,1,1,1,1,0.5,0.5,0.5
2642403,1,0.5,0.5,1,0.5,0.5,1,1,1,1
597192,0,1,1,1,1,1,0.5,0.5,0,1
907650,1,0.5,1,1,1,1,1,0.5,0.5,0.5
694692,0.5,1,1,0,0,0.5,0.5,1,1,1
1271456,0,0.5,1,1,0,1,1,1,0.5,1
2182532,1,1,0.5,1,1,0.5,1,0,0.5,0.5
489871,1,0.5,0.5,1,0,0.5,1,1,1,0.5
2240369,1,0.5,1,1,0,1,0.5,1,0.5,0.5
2307508,1,0.5,0.5,1,1,0.5,1,1,0.5,0.5
2095910,1,0.5,0.5,1,1,1,0.5,1,0.5,1
1060658,1,0,1,1,1,0.5,0.5,1,0.5,0.5
290466,1,1,0.5,1,1,0.5,1,1,0.5,0.5
2597335,0.5,0,0.5,1,0.5,0.5,1,1,0.5,1
2291535,0.5,1,0.5,1,1,0.5,1,0.5,0.5,1
470781,0.5,0.5,0,1,0,0.5,1,1,0,1
350009,1,0.5,0.5,1,1,0.5,0.5,1,1,1
921587,0.5,0,1,1,1,0.5,1,1,1,0.5
600160,0,1,1,0,1,1,0.5,0.5,1,1
1684328,0,1,1,1,0,0.5,1,0.5,0.5,1
2622904,0,1,1,0.5,0.5,1,1,1,1,0
1599243,1,1,1,0.5,0,0.5,0.5,0,1,0.5
1068656,0.5,1,1,1,0.5,1,0.5,0.5,1,1
279960,1,0.5,1,0.5,0.5,0.5,1,1,1,0.5
1704130,1,0.5,1,1,0,0.5,1,0.5,0.5,1
1424487,0.5,0.5,0.5,1,1,0.5,0.5,1,0.5,1
1906860,1,1,0.5,1,0.5,1,0.5,0.5,1,0
244994,1,0.5,1,0.5,0.5,0.5,1,1,1,1
2566318,0.5,0.5,1,1,1,0.5,0.5,0.5,1,1
2447861,0.5,0.5,0.5,1,1,0.5,0.5,1,0.5,1
1098431,1,0.5,1,0,1,1,1,0.5,0.5,1
535671,1,1,1,0.5,0,1,0.5,0.5,1,1
1087944,0.5,1,1,0,1,1,0.5,0.5,1,1
2037890,0.5,1,0,1,0.5,1,1,0.5,1,0
2465337,0.5,0.5,0.5,1,0.5,0,1,0.5,1,1
634388,1,1,0.5,0,1,1,1,0,0.5,0.5
2644264,1,1,0.5,0.5,1,0.5,0.5,1,0.5,1
639873,0,1,1,0,0.5,1,1,0.5,0.5,1
2202373,0.5,1,1,0.5,0.5,1,1,0.5,0.5,0.5
2318617,0.5,1,0.5,0.5,1,1,0.5,1,0.5,1
1899031,0.5,1,1,1,1,0.5,0.5,0.5,1,1
203369,0.5,1,1,0.5,1,1,0.5,0,1,1
2084049,1,0.5,1,1,1,0,1,0.5,0,1
2241241,1,0.5,1,1,0.5,1,0.5,1,1,0.5
1996328,1,1,1,1,0.5,0.5,0.5,0.5,1,0
1480841,1,1,1,0.5,1,1,1,0.5,0.5,0.5
1387099,1,0.5,1,0.5,0.5,0,1,1,1,1
2614527,1,1,1,1,0.5,0.5,0.5,0,1,1
949240,0.5,1,1,1,0.5,1,0.5,1,1,0
1466743,0.5,1,1,1,0.5,1,1,0,0.5,1
13197,1,0.5,1,0,0.5,0.5,1,0,0.5,1
2464081,1,0.5,0.5,1,1,1,0.5,0.5,1,0.5
1778011,1,0.5,0.5,1,1,0,0.5,1,1,0.5
23354,1,0.5,0.5,1,1,1,0.5,0,0.5,1
1242697,1,1,0,1,0.5,0.5,0.5,0,1,0
2004524,1,1,1,1,0.5,1,1,0.5,0.5,0.5
2588755,0.5,1,1,0.5,0.5,0.5,1,1,1,0.5
2120912,1,0.5,0.5,0.5,1,1,1,1,1,0
1282507,0.5,1,1,1,0.5,1,0.5,1,1,0
424387,0,0.5,1,0,1,1,0.5,0.5,1,1
2593317,0.5,0.5,1,1,1,1,0.5,1,0,1
2496874,0,1,1,1,1,1,1,0.5,0.5,0.5
1756407,1,1,1,0.5,0.5,1,1,0.5,0.5,1
1368548,1,1,1,1,1,1,0.5,0,0.5,0.5
2105602,1,1,0.5,0.5,0.5,1,0.5,0.5,1,0.5
861911,1,1,0.5,0.5,1,0.5,0.5,1,1,0.5
1352912,1,0.5,0.5,0,1,1,1,1,1,0.5
448086,0.5,1,1,0.5,0.5,0.5,1,1,1,1
889439,1,0,0,0.5,1,0.5,1,1,0.5,1
687379,1,0.5,0,1,1,0.5,1,1,1,0.5
285031,0.5,0.5,0,0.5,1,0.5,0.5,1,1,1
1208894,0.5,0.5,1,0.5,1,0.5,0.5,1,1,1
10947,1,0,1,1,0.5,0.5,1,1,0.5,1
593225,1,1,1,1,0.5,1,1,0.5,0.5,0
1317871,1,0.5,0.5,1,1,0.5,1,1,0,0
581893,1,0.5,0.5,0.5,1,1,1,0.5,0.5,1
869426,1,0,1,1,1,1,1,0,0,0.5
874505,1,0.5,0.5,1,1,0.5,1,0.5,1,0.5
616173,1,0.5,1,0.5,0.5,0.5,1,1,0.5,1
39809,1,1,0.5,1,0.5,0.5,0.5,0.5,1,0.5
2316337,1,1,0.5,0.5,1,0.5,0.5,1,0,0
2085211,1,0.5,0.5,0,1,1,0.5,0.5,1,1
2472638,0.5,1,1,0.5,0.5,0.5,1,1,0.5,1
1407936,1,1,0.5,1,0.5,0.5,1,0.5,1,0.5
922591,0.5,1,1,0.5,1,0.5,0.5,0.5,1,1
952063,1,1,0.5,0,1,0.5,1,1,0.5,1
2474804,1,0.5,0.5,1,1,1,0.5,1,0.5,0.5
79257,1,1,0,1,0.5,0.5,1,1,0.5,1
342877,1,0,0.5,1,1,1,0.5,0.5,1,0.5
2327365,1,0.5,0.5,0.5,1,0.5,1,1,0.5,1
1400154,0.5,0.5,1,1,1,1,1,0.5,0.5,1
272299,1,0.5,0.5,0,1,1,1,1,0.5,0.5
655601,0.5,1,0.5,0.5,1,1,1,0,1,0.5
1996893,0.5,0.5,1,1,1,0.5,1,1,0.5,1
2266421,0.5,1,0.5,1,1,1,0.5,0.5,0.5,0.5
1083720,1,0.5,1,1,1,0.5,1,0.5,0.5,1
297682,1,0.5,0,1,1,0.5,1,0,0.5,1
244213,1,0.5,0.5,0.5,1,0.5,0.5,1,1,1
1695436,1,0.5,0.5,0.5,1,0.5,1,0.5,1,0.5
490101,0.5,1,1,1,0.5,0.5,1,0,0.5,1
1078800,1,0.5,0.5,1,1,0.5,0.5,1,0.5,0.5
1331954,1,1,0,1,0.5,0.5,0.5,1,1,0.5
134182,0.5,0,1,0,1,0.5,1,1,0.5,0
465238,0.5,0,1,0.5,1,1,1,1,1,0
1290593,1,0.5,0.5,1,1,0.5,0.5,1,0.5,1
866531,1,0,0.5,0.5,1,0.5,1,1,0,1
2465313,1,0.5,1,1,1,0.5,1,1,0.5,0
1579371,0.5,0.5,0,1,1,0.5,0.5,1,1,1
947651,0,1,1,1,0,1,1,1,0,0.5
1734105,1,1,0.5,0.5,1,0.5,1,1,0.5,0.5
933168,0.5,1,1,1,0.5,0.5,0.5,0.5,1,0
701615,1,0.5,1,0.5,1,1,0.5,1,1,0.5
145941,1,0.5,1,1,0.5,1,1,1,0.5,0.5
2385239,1,0.5,1,0,1,1,1,0.5,0.5,1
42416,1,0.5,0,1,1,0.5,0.5,1,1,1
2449788,0,1,1,1,0.5,0.5,0.5,0.5,0.5,1
1713267,1,1,0.5,1,1,1,1,0.5,0.5,0
2327122,1,1,1,0.5,0.5,1,0.5,0.5,0.5,1
2372364,0,1,1,1,0.5,1,0.5,1,0.5,1
1747859,1,1,1,0,0.5,1,0.5,0,0.5,0.5
1531781,1,0,1,1,1,1,0.5,0.5,1,0.5
1549954,1,0.5,0.5,1,1,1,1,0.5,0.5,1
2465070,1,0.5,1,1,1,0.5,0.5,0.5,0.5,1
1183823,0.5,1,1,1,0.5,1,1,0.5,1,0.5
1585165,0.5,1,0.5,1,1,0.5,0.5,1,0.5,1
1493361,0.5,1,0.5,1,0.5,1,0.5,1,1,1
337793,1,1,0.5,0.5,1,0.5,1,0.5,0.5,1
2200718,0.5,0.5,1,1,0.5,1,0.5,0.5,1,1
468584,0.5,1,1,1,1,0.5,0.5,0.5,0.5,1
2293722,1,0,0.5,0.5,0.5,1,1,1,1,1
632060,1,1,1,1,1,1,0.5,0.5,0.5,0
1316605,1,0.5,1,1,1,0.5,0.5,1,0.5,0
2473261,1,1,0,0,1,0.5,1,0,1,1
625012,0.5,1,1,1,1,1,0.5,0.5,0,1
653059,1,0,1,0.5,0,1,1,1,1,0
2027278,0.5,1,0.5,1,1,1,1,0.5,1,0
39375,1,0.5,0.5,1,1,1,1,0.5,0.5,1
2405311,1,1,0,1,1,1,0.5,0.5,0,1
1039555,1,0.5,0.5,1,1,1,0.5,0.5,1,0.5
389017,0.5,0,1,1,0.5,1,1,0.5,0.5,0.5
2401585,1,1,0.5,0.5,1,1,1,0,0,0.5
980393,1,0.5,1,0,1,1,1,0.5,0.5,1
1724821,1,0.5,1,1,1,1,0.5,0.5,1,0
1382872,1,0.5,1,1,0.5,1,0,0.5,1,0.5
118416,1,0.5,0.5,1,1,1,0.5,0.5,0.5,1
933855,0,1,1,0,0,1,1,1,1,0.5
1399249,1,1,0.5,0.5,0.5,1,0.5,1,0.5,0.5
840419,1,1,1,1,0.5,1,0.5,0.5,0.5,1
2526370,1,1,0.5,0,1,0.5,0.5,1,0,1
2042159,1,1,0.5,0.5,1,0.5,1,0.5,0.5,0.5
305197,0.5,0.5,0.5,1,1,0.5,1,1,0.5,1
1343332,0.5,0.5,1,1,1,1,0.5,1,1,0
538214,0,0.5,1,0,0.5,1,1,1,1,0.5
213704,1,1,0.5,1,1,1,0.5,0.5,1,0.5
631747,1,0.5,1,1,0.5,1,0.5,1,0.5,0.5
411396,1,0.5,0.5,1,1,0.5,0.5,1,1,0.5
1933255,1,1,0.5,0.5,0.5,0.5,1,1,0.5,0.5
1058508,1,0.5,0.5,0,1,0.5,1,0.5,1,0.5
97578,0,1,0.5,0.5,1,1,1,1,1,0.5
241634,1,1,0.5,1,0,0.5,1,1,0,0.5
548695,1,0.5,0.5,1,1,0.5,0.5,1,1,0
1437440,1,0.5,1,0,0.5,1,1,1,0.5,1
660821,0.5,0.5,1,1,0.5,1,1,0.5,0.5,1
2457095,1,0,0.5,1,1,0.5,0.5,0,0,1
922332,0,1,0,0.5,1,0.5,1,1,1,0.5
2454469,1,0.5,0.5,0.5,1,1,1,0.5,0.5,0.5
337431,0.5,0.5,1,0,1,1,1,0.5,1,1
787977,1,0.5,0,0,1,0.5,1,1,1,1
774398,1,1,1,0.5,1,0.5,1,0,1,0.5
1811832,1,1,0.5,1,0.5,1,1,1,0.5,0
732590,0,0,0,1,1,0.5,1,1,0.5,1
2648885,1,1,1,1,0.5,0.5,1,0.5,1,0.5
679429,1,0.5,0.5,1,1,0.5,0.5,1,0.5,1
18830,1,0,0.5,1,1,0,0.5,1,0,1
64120,0,0,1,0.5,1,1,0.5,1,1,0.5
507383,0.5,1,1,0.5,0.5,1,0.5,0.5,1,1
433651,1,0.5,1,0.5,0.5,0.5,1,1,0.5,1
1174079,0.5,1,0,0.5,1,1,0.5,0.5,0.5,1
2422525,1,1,1,1,0.5,0.5,1,0.5,1,0.5
324080,0.5,0.5,1,1,0.5,0.5,0.5,1,1,1
2502329,1,0,0.5,1,1,0.5,1,1,1,0.5
842431,1,1,1,0,0.5,1,0.5,1,1,0.5
125493,0.5,0.5,0.5,1,1,0.5,0.5,1,1,0.5
2340119,0,0.5,1,0.5,1,0.5,1,0,0.5,1
2600927,1,1,1,1,1,0.5,1,0.5,0.5,0.5
2545618,0,1,0.5,1,1,0.5,1,0.5,0.5,1
1110164,1,0.5,0.5,1,1,0.5,1,1,1,0.5
227799,1,0.5,0.5,1,0,1,1,1,0,1
2284110,0,1,1,0.5,1,0.5,1,0.5,1,0.5
1949018,0.5,0.5,0,1,1,0.5,1,0,1,1
1477783,1,0.5,0.5,1,1,1,0.5,0.5,0.5,1
219888,1,1,0.5,1,0.5,0.5,1,1,0.5,1
1713604,1,0.5,0.5,1,1,0.5,1,0.5,0.5,1
708047,0,0.5,0.5,1,1,1,1,0,1,0.5
828045,1,0.5,0.5,0.5,1,1,1,0.5,0.5,1
851463,0.5,0.5,0,1,1,1,1,1,0.5,1
1977209,1,1,1,1,0.5,0.5,1,0.5,0.5,0.5
1787619,0,1,0.5,0,1,1,1,0.5,0.5,0
2352972,0,1,1,0,0.5,1,1,0.5,0.5,1
781021,1,1,0,1,1,1,0.5,1,0.5,0
16786,0.5,1,0.5,0.5,1,1,1,0.5,0.5,1
213427,1,1,1,0.5,1,1,0.5,0.5,1,0.5
650771,0.5,1,1,1,1,1,1,0.5,0.5,0.5
2051372,1,0.5,0,0,1,1,1,1,0,1
2592256,1,0.5,1,0,1,1,1,0.5,0.5,1
1169732,0.5,0.5,1,1,1,0,0.5,1,1,1
2308912,1,0.5,0,1,1,0.5,1,1,0.5,1
1606561,0.5,1,1,1,0.5,1,1,0,0.5,1
2058194,1,0.5,0.5,1,1,1,1,0.5,0.5,1
2256454,1,0,0.5,0.5,1,0.5,0.5,1,1,1
1124099,1,0.5,0,0.5,0.5,1,0.5,1,1,1
844526,1,0.5,0.5,0.5,1,0.5,0.5,1,1,0.5
1755138,1,1,1,1,0,1,0.5,0,0.5,1
809831,1,0.5,0,1,1,1,0.5,1,0.5,1
1865846,1,0.5,0.5,1,1,1,0.5,0.5,1,1
315751,1,1,1,0,1,1,0.5,0,0.5,1
2358990,0.5,1,0.5,0.5,1,0.5,0.5,1,1,1
1076140,0.5,0,1,1,1,1,0.5,0.5,1,1
1098765,0,1,1,1,0.5,0.5,0.5,0.5,1,0.5
2100306,0.5,1,1,0,0.5,1,1,1,0.5,0.5
1037713,1,1,1,0,1,1,0.5,0.5,0.5,1
337915,1,1,1,1,1,1,0.5,0.5,0.5,0
1072466,1,0.5,0.5,1,1,0.5,0.5,1,0.5,1
2508883,0.5,0.5,1,0.5,1,1,0.5,1,1,0.5
2079894,0.5,0.5,1,1,1,0.5,0.5,1,1,1
1748002,1,0.5,1,1,1,1,0.5,0.5,0.5,0.5
1535968,0.5,0.5,0,1,1,0.5,0.5,1,1,1
1702270,0.5,1,0.5,0,1,1,0.5,0,1,0
600251,1,0.5,0,1,1,0.5,1,1,0.5,1
1553024,1,0.5,1,1,1,0.5,0.5,1,0.5,1
2436744,0.5,0.5,0,0.5,1,1,0.5,1,1,1
2648869,0.5,1,1,1,0.5,0.5,0.5,0.5,1,1
809329,1,1,1,1,1,0.5,0.5,0.5,0,0.5
2154901,1,1,0,1,0.5,0.5,1,1,0.5,1
2553792,1,0.5,1,0.5,0.5,1,1,1,0.5,1
2297654,0,1,0,1,0.5,0.5,0.5,1,1,1
675468,1,1,0,1,1,1,0.5,0.5,0.5,1
1790158,1,0.5,0.5,0,1,1,0.5,1,0.5,1
1213587,1,0,0.5,1,1,0.5,0.5,0.5,1,0.5
247999,1,1,1,0.5,1,1,0.5,0.5,0.5,1
2275545,1,1,1,1,0,1,0.5,0.5,1,0.5
1449358,1,0.5,0,0,1,0.5,0.5,1,0,1
1600659,0.5,0.5,1,1,0.5,1,0.5,0.5,0.5,1
380992,1,0.5,0.5,1,1,1,0.5,0.5,0.5,1
1391246,0.5,0.5,1,1,1,1,1,0.5,0.5,1
1288244,1,1,0.5,1,0.5,0.5,1,1,0,1
1244810,0.5,1,1,0.5,0.5,0.5,1,1,1,0.5
1711278,0,1,1,1,0.5,0.5,0.5,0.5,1,0.5
343719,1,1,1,1,0.5,1,0.5,0.5,0.5,0.5
2504147,1,0.5,0.5,1,1,1,0.5,0,0.5,1
1429041,0.5,0.5,1,1,1,0.5,1,1,1,0.5
439978,1,1,0.5,0.5,1,0.5,0.5,1,1,1
2035994,1,0.5,1,1,1,0.5,0.5,1,0.5,1
2604824,1,0.5,1,1,0.5,0.5,0.5,1,1,1
570929,1,1,0.5,0,1,1,0.5,0.5,0.5,0.5
926579,0,1,0,1,0,1,1,1,0.5,1
1456621,0.5,1,1,1,0.5,0.5,0.5,1,1,0
2417957,0,1,0.5,0.5,1,1,1,1,0.5,1
1620184,1,1,1,0,0,0,1,0.5,0.5,1
2636398,1,0.5,0.5,1,1,0.5,1,1,0.5,1
1973332,1,0.5,1,0.5,1,1,1,0.5,0.5,1
219174,0.5,0,1,1,1,1,0.5,0.5,1,1
1510091,1,1,1,0,1,0,0.5,1,1,0
1792064,1,0.5,0.5,1,1,0.5,1,1,0.5,1
123384,1,1,1,0.5,0.5,0.5,1,1,0.5,0.5
2289956,1,1,0.5,0.5,0.5,0.5,1,1,1,0.5
644453,1,1,0.5,0,0.5,0.5,1,0.5,0.5,1
2198070,0.5,0.5,1,1,0.5,0.5,0.5,1,1,1
1446775,0,1,1,0.5,0,1,0.5,1,1,0.5
1961753,1,0.5,0.5,0,1,1,1,0.5,0.5,1
550365,0.5,0.5,1,1,0,0.5,1,1,1,1
1774181,0,1,1,1,0.5,0.5,0.5,0.5,1,1
2129787,0.5,1,0,1,1,0.5,1,1,0,0.5
196140,1,0.5,1,1,0.5,1,0.5,0,1,1
613651,0,0.5,0.5,0.5,1,1,1,1,1,0.5
258675,0.5,0,0,0.5,1,1,1,1,0.5,1
516736,0.5,0.5,0,0,0.5,0.5,1,1,1,1
1579906,1,0,1,1,0.5,1,1,0.5,0.5,0.5
2479857,0.5,0.5,1,1,0.5,0.5,1,1,0.5,1
2467784,0.5,1,1,0,0.5,0.5,1,1,0.5,1
1104107,1,1,1,0,0.5,1,1,1,0.5,0
732122,1,0.5,0.5,0.5,1,0.5,1,1,1,0.5
2591100,1,0.5,0.5,0.5,1,1,0.5,1,0,1
2553056,0.5,0.5,0,0.5,1,0,1,1,1,1
1739440,1,1,1,0.5,0,1,0.5,0.5,0.5,1
1907373,0.5,1,1,0.5,0.5,1,1,1,0.5,1
116858,1,0.5,1,0,1,0.5,1,1,0.5,0
1788305,1,0,0,1,1,0.5,1,1,0,0.5
1587148,0.5,0.5,1,0.5,1,0.5,0.5,1,1,1
2229399,1,1,0.5,0,0.5,1,0.5,1,1,0.5
895935,1,0.5,0.5,0.5,1,0.5,1,1,1,0.5
219033,0.5,1,0.5,0.5,0,1,1,1,0.5,1
2200358,0,1,1,0,1,0.5,1,1,1,0
2363863,1,1,0.5,0.5,0.5,0.5,1,1,0.5,0.5
1722514,1,1,0.5,0,0.5,1,1,1,0.5,0
678911,1,1,1,0,0.5,0.5,1,0.5,0.5,1
1987360,1,0.5,0.5,0.5,1,1,0.5,0,0,1
551208,1,1,1,1,0,1,0.5,0.5,1,0.5
2458087,1,1,0.5,1,0.5,0.5,0.5,1,1,0.5
2375033,0.5,1,0,0.5,0,1,1,1,1,1
2177085,1,0.5,0.5,1,1,1,1,1,0.5,0.5
363169,1,0.5,1,1,1,0.5,1,0.5,0.5,0.5
2198115,1,1,1,1,0.5,0.5,1,0.5,0.5,0.5
329653,0.5,0.5,0.5,1,1,0.5,1,1,1,1
1293514,1,0,1,1,0.5,0.5,0.5,0,1,1
1056238,0.5,0.5,0.5,0.5,1,1,1,1,1,0
248976,0,1,0.5,0,1,0.5,1,0,1,0.5
2557596,1,0.5,0.5,1,1,0.5,1,1,0,0.5
2207914,0,0.5,0,0,1,1,1,1,0.5,1
1594074,1,0.5,1,0.5,1,1,1,0.5,0.5,0.5
1181115,1,1,0.5,1,1,0.5,0.5,0.5,0.5,1
2639115,1,1,0.5,1,0.5,1,1,1,0.5,0.5
871687,1,0.5,0,0.5,1,1,0.5,0,1,1
555886,0,1,1,0,0,1,0.5,1,0.5,1
657543,0.5,1,1,1,0.5,0.5,1,0.5,1,1
1830420,0.5,0.5,0.5,0,0.5,1,1,1,0.5,1
2289197,0.5,1,0.5,0,0,0.5,1,1,1,1
1091721,1,0.5,1,0.5,1,0.5,0.5,1,1,1
1134084,0.5,0.5,1,1,0.5,0.5,1,1,1,1
1660783,1,1,1,1,0.5,0.5,0.5,1,0.5,0.5
318457,0.5,1,1,0.5,1,1,0.5,1,1,0.5
286783,1,1,0.5,1,0.5,0.5,1,0,0.5,0.5
1788733,0.5,1,1,0.5,0,0.5,0.5,1,1,0.5
927462,0.5,0,1,0.5,0.5,1,1,1,1,1
2439017,1,0.5,0,1,1,0.5,0.5,1,1,1
1756533,1,0.5,1,1,0.5,1,0.5,0,0.5,1
2075584,1,1,1,1,0.5,0.5,0.5,1,1,0
422485,0.5,1,0.5,1,1,1,0.5,0.5,1,0.5
150525,1,0.5,1,1,1,0.5,1,0.5,0.5,1
168190,1,0.5,1,1,1,0.5,0.5,0.5,1,1
1915501,1,0.5,0.5,0.5,1,1,1,0.5,0.5,1
2207951,0.5,1,1,0,0.5,1,1,0.5,1,0
897732,1,1,0,0.5,1,1,1,0.5,0.5,1
321679,1,1,0.5,0.5,0.5,0.5,1,0.5,1,0
487796,0.5,1,1,0.5,0.5,1,0.5,0,1,1
1200479,0.5,1,1,1,0,0.5,1,1,1,0
988817,1,1,0.5,0.5,1,1,0.5,1,0.5,1
1944012,0.5,0.5,1,1,1,0.5,1,0.5,1,1
452873,0.5,0.5,1,0,1,1,0.5,1,1,0.5
2190100,1,0.5,0.5,1,0,1,0.5,0.5,1,0.5
1421792,0.5,0.5,0.5,0.5,1,1,0.5,1,1,1
2324287,0.5,0,1,0.5,1,1,0.5,0.5,1,1
1760492,0,0.5,0.5,1,1,1,1,0.5,0.5,0.5
969461,1,1,0.5,1,1,0.5,0.5,0.5,1,1
21364,0,0,0.5,1,1,1,0,1,0,0
487031,1,0.5,1,1,1,0.5,0.5,0.5,0.5,1
1868345,0,1,1,1,0.5,1,0.5,1,0.5,0.5
345035,0.5,1,1,0.5,0,1,0.5,0.5,1,1
2496250,0.5,1,1,0.5,1,0.5,0.5,1,0.5,0.5
941279,1,0.5,1,0.5,1,1,0.5,0.5,0.5,1
2421395,1,0.5,1,1,1,1,0.5,0.5,1,0.5
2420478,1,1,1,0.5,0,1,0.5,0.5,1,0.5
1734270,1,0,1,1,1,1,0.5,0.5,0.5,0
2412596,0.5,0.5,1,1,1,1,1,0.5,0.5,1
1826163,1,1,0.5,0.5,0.5,0.5,0.5,1,1,0.5
2195606,0,1,1,1,1,0.5,1,0.5,0,0
1118587,0.5,1,1,1,1,0.5,1,0.5,0.5,1
1233457,0.5,1,1,1,1,1,1,0.5,0.5,0.5
1133611,0.5,1,1,0.5,1,1,0.5,0.5,1,0.5
1176119,1,1,1,0.5,0.5,1,1,0.5,0.5,1
1473095,1,1,1,0.5,0.5,1,0.5,0.5,0.5,0.5
2053064,1,0.5,1,1,0.5,0.5,1,0.5,0.5,1
2043555,1,0.5,1,1,0.5,1,1,0.5,0.5,1
677314,1,0.5,0.5,0,0.5,1,1,1,1,0.5
1731449,0.5,1,1,1,0.5,0.5,0.5,1,1,1
257622,0,0,1,0,0,1,1,1,1,1
124728,1,0.5,0.5,0,1,0.5,1,1,1,0.5
1450860,1,1,0,1,1,1,0,0,0.5,1
991497,1,0.5,0.5,1,1,0.5,1,1,0.5,1
2567237,0.5,1,0.5,1,1,1,0.5,0.5,0.5,1
2415589,1,1,1,0,0,1,1,0.5,0.5,0.5
2567147,1,0.5,0.5,0.5,1,1,1,0.5,1,1
1517590,0,1,1,0.5,0.5,1,1,1,1,0.5
2374631,0.5,1,0.5,0.5,1,0.5,1,1,1,1
1698900,1,0.5,0.5,0,1,0.5,1,1,1,1
2431452,0,1,1,1,0.5,1,0.5,0.5,1,1
1969285,1,0.5,0.5,1,1,0.5,1,0,1,0
1647674,0.5,0.5,1,1,1,0.5,1,1,1,0.5
1214824,1,0,0.5,1,1,0.5,0.5,0,1,0
1896561,0.5,1,0.5,0.5,1,1,1,0.5,1,1
187251,1,0.5,1,0,0.5,1,1,0.5,1,1
1106280,1,0.5,0.5,0.5,1,0.5,1,1,1,0.5
1329886,1,1,0,0,1,0.5,0.5,1,1,1
2116230,1,0.5,0,0,1,1,0.5,1,1,1
1085320,0.5,1,1,0.5,1,1,1,0,0.5,0.5
489454,0,1,0.5,0.5,0.5,1,1,1,1,0.5
2366524,1,0.5,1,1,0.5,0.5,1,1,0,1
1855590,1,0.5,1,1,1,1,0.5,1,0.5,0.5
789014,0.5,1,0.5,0.5,0,1,1,1,1,1
2176056,0.5,1,1,1,0.5,0.5,1,1,0.5,1
958604,1,1,1,0.5,1,1,0.5,0.5,1,0.5
2205104,0.5,1,1,0.5,1,1,0.5,0.5,0.5,0.5
538677,0,1,0.5,0.5,1,0.5,0.5,1,0.5,1
1065779,0,0,1,1,0.5,1,1,0.5,1,0.5
195107,1,0.5,1,1,1,0.5,0.5,1,0.5,1
773251,0.5,0.5,0,0.5,1,0.5,0.5,1,1,1
1073396,1,1,1,1,1,0.5,0.5,0,0.5,0.5
1811452,1,0,1,1,1,1,0.5,0.5,1,0
2350141,0,0.5,1,1,0.5,1,1,0.5,0.5,0.5
2340639,1,0.5,0.5,0,1,0.5,1,1,0.5,0.5
1459851,0.5,0.5,1,0.5,1,0.5,1,0.5,1,1
1961161,0.5,1,0.5,0.5,1,1,1,1,0,0.5
446160,1,0.5,0.5,1,1,0.5,0.5,0.5,1,0.5
1888738,1,0.5,0.5,1,0,1,1,1,0.5,0.5
734355,1,0.5,0.5,1,0,1,0.5,0.5,0.5,1
1843626,0,1,0.5,1,1,0.5,1,1,0,0.5
1939221,1,0.5,0.5,1,1,1,1,0.5,1,0
629389,0,1,0.5,0,1,1,1,1,1,0.5
2398656,1,0.5,1,0,1,1,0.5,0.5,0.5,0.5
1125189,0.5,0.5,0,0.5,1,0.5,1,1,1,1
1367834,1,0.5,0.5,1,1,0.5,0.5,1,0.5,0.5
510438,1,0.5,0,0.5,1,1,0.5,0,1,1
839182,1,1,0.5,1,0,0.5,0.5,1,1,0.5
537732,1,0,0.5,0.5,1,0.5,1,0.5,0.5,1
1362065,1,0.5,0,1,1,1,0.5,0.5,0.5,1
954973,1,0.5,1,1,0,0.5,1,0.5,0.5,0.5
1980593,1,0.5,1,1,1,0.5,0.5,0.5,0,0
14642,0.5,1,1,1,1,1,0.5,1,0.5,0
1309839,1,0.5,1,1,0.5,0.5,0.5,1,0.5,1
1350489,0,1,1,1,0.5,0.5,0.5,1,1,1
1247506,0.5,0,1,1,1,0.5,1,0.5,0,0
47589,1,0.5,0.5,1,1,1,0.5,1,1,0
709542,1,0.5,1,0,0.5,1,1,0.5,0.5,1
1414980,1,1,0.5,0.5,1,1,1,0.5,0.5,1
1332107,0.5,0,0,0.5,1,1,1,1,1,1
599480,0,0.5,1,1,1,0.5,1,1,1,0
1126555,1,0,0.5,1,0.5,0.5,1,1,1,1
2557296,0,1,1,1,0.5,0,0.5,0.5,0.5,1
1872926,0,1,1,0.5,1,1,0,1,1,0
705166,0.5,0.5,1,0.5,0.5,0.5,0.5,1,1,1
2568366,1,0.5,1,1,1,0.5,1,0.5,0.5,1
621003,0.5,0.5,0,0.5,1,1,1,1,1,1
2485818,1,0.5,0.5,0.5,1,1,1,0.5,0.5,1
2510551,0.5,0.5,1,1,1,0.5,1,1,0.5,1
61810,1,1,0.5,0.5,1,1,0.5,0.5,1,0.5
2192840,1,1,1,0,0,1,1,0.5,0.5,1
50282,0.5,0.5,1,1,1,1,1,0.5,0.5,0
1653052,1,1,1,1,0.5,0.5,0.5,0,0,1
363868,0,0,0.5,1,1,0.5,0.5,1,1,1
1967891,0.5,0.5,0,0.5,1,1,0.5,1,1,1
101842,1,0.5,0,1,0,1,0,1,0,1
1628880,0.5,1,1,0,1,1,0.5,0.5,1,1
1619362,0.5,0.5,0,1,0.5,0.5,0.5,1,1,1
1110906,1,0.5,1,1,0.5,1,1,0.5,0.5,0.5
1412189,0.5,1,1,1,0.5,0.5,1,0.5,1,0.5
2187693,1,1,1,0.5,0,1,0.5,0.5,1,0.5
1216109,0.5,1,1,1,0.5,1,0.5,0.5,1,1
1927136,1,0,1,1,1,0.5,1,0,0.5,0
511899,1,1,0.5,0,1,1,0.5,0.5,1,0.5
1903337,1,0.5,1,0.5,1,1,0.5,0.5,1,0.5
2156630,0.5,1,1,1,1,0.5,0.5,0.5,1,0.5
705603,1,0.5,0.5,1,0.5,1,1,1,1,0.5
342330,1,1,0.5,1,1,0.5,1,1,0.5,0.5
1191122,1,0.5,0.5,0,1,0.5,1,0.5,1,1
1634668,1,1,1,0.5,1,1,0.5,0.5,1,0.5
256562,1,0.5,1,1,0.5,0.5,1,1,0.5,1
131752,0,0.5,1,1,0.5,0.5,1,1,0.5,0
977533,0.5,0,0,0,0.5,0.5,1,1,1,1
1176462,1,1,1,0.5,1,0.5,1,0.5,0.5,1
1374884,0,0.5,0.5,1,0.5,1,1,1,0.5,0
2495043,1,0.5,0,1,1,0.5,0.5,1,1,1
45234,1,1,1,0.5,1,1,0.5,0.5,0.5,0
1527713,0.5,1,0,1,1,0.5,1,1,1,0.5
2227850,0.5,0.5,1,1,0.5,0.5,1,1,1,1
1219833,0.5,0,0.5,1,1,0.5,1,1,1,1
2345098,0,1,1,0,0,1,0.5,1,1,1
524295,1,0,0.5,1,1,1,1,0.5,0.5,0.5
512995,1,0.5,0,1,1,1,0.5,1,0,1
1403658,1,0,1,0.5,1,1,1,0.5,0.5,1
1473595,0,1,1,0.5,0.5,1,1,0.5,1,0
1881328,0,1,1,0,0.5,1,1,1,0.5,1
80176,1,0.5,0.5,0.5,1,0.5,1,1,0.5,0.5
1771242,1,0,1,0.5,1,0.5,1,1,1,0
339962,0.5,1,0.5,0,1,0.5,1,1,1,1
1229707,1,0.5,0.5,1,1,0,1,1,0,1
26210,1,1,1,1,0.5,0.5,1,1,0.5,0.5
1089335,1,0,1,1,1,1,1,0.5,0.5,0
507094,1,1,1,1,0.5,0.5,1,0.5,0,0.5
458962,0.5,0.5,0,1,1,1,1,0.5,0.5,0.5
1512037,1,1,0.5,1,1,1,0.5,1,0.5,0.5
493190,1,1,0,0.5,0.5,0.5,1,1,1,1
2536547,0,1,1,0,0.5,1,1,1,1,0.5
654283,1,0.5,0.5,1,1,0.5,0.5,1,0.5,1
1900445,1,1,0.5,1,0.5,0.5,0.5,1,0.5,1
1714116,1,0.5,1,1,1,0,1,0,0.5,0.5
253275,0.5,0.5,0.5,1,1,0.5,1,1,0,1
269962,1,0.5,0,1,1,1,0.5,0,1,0.5
1566425,1,0.5,0.5,1,0.5,0.5,1,1,1,1
2361340,0.5,1,0.5,0.5,1,0.5,1,1,0.5,0.5
1483731,1,0.5,1,0.5,0.5,1,1,0,0.5,1
2563498,1,0.5,0.5,0.5,1,0.5,1,1,1,0.5
2494071,1,0.5,0.5,0.5,1,0.5,1,1,1,1
2455789,0.5,1,1,0.5,0.5,0.5,1,0.5,0.5,1
124598,1,0.5,0.5,1,1,0.5,1,1,0.5,1
902413,0,1,1,0,1,0.5,0.5,0.5,1,1
874293,0,1,0,1,0.5,0.5,1,1,0.5,1
1963686,1,0.5,0.5,1,1,0.5,1,1,0.5,1
76444,1,0.5,1,0,1,1,1,0.5,0.5,1
2115977,1,0,1,1,0.5,0.5,1,1,1,0.5
2390609,1,0.5,0,1,0.5,1,1,0.5,0.5,1
2597822,1,1,0.5,0.5,1,0.5,1,1,0.5,1
1973951,1,0.5,0,1,1,0.5,1,1,0.5,0
1221473,1,1,1,0.5,0.5,1,0.5,1,1,0.5
1550627,1,1,0.5,0,1,0.5,0.5,0.5,1,0
112449,1,0.5,0.5,0.5,0,1,1,0.5,0.5,1
135594,0.5,1,0,0.5,0.5,0.5,0.5,1,1,1
2151845,1,1,1,0,1,1,0.5,0.5,1,0
575714,0,1,1,0,0,1,1,1,0.5,0.5
1925397,0.5,1,1,0.5,1,1,0.5,0.5,1,0.5
1029833,0.5,1,0.5,0,0.5,1,1,1,0,1
1918750,1,1,0.5,0.5,0.5,0.5,1,1,1,0.5
2301856,1,0.5,1,1,0.5,0.5,1,1,0.5,1
2313362,1,1,0.5,1,1,0.5,0.5,1,0.5,0.5
50400,0.5,1,1,1,0.5,0.5,0.5,1,1,1
944189,1,1,1,0.5,0.5,1,1,0.5,0.5,1
481668,0,1,0.5,0.5,1,1,1,0.5,0.5,0.5
2551764,1,0.5,1,1,1,1,1,0.5,0.5,0.5
922922,0.5,1,1,1,0.5,1,0.5,0.5,1,0.5
1574264,0,1,0.5,1,1,1,1,0.5,0.5,1
2041150,0.5,1,1,1,0.5,1,0.5,0.5,0.5,1
1463088,0.5,1,1,0,0,1,0.5,0.5,1,1
273814,0.5,1,0.5,1,1,0.5,1,0.5,1,1
1177340,0.5,1,1,0.5,0.5,1,0.5,1,1,1
474106,0.5,0.5,0.5,0,1,0.5,1,1,1,1
990036,0,1,1,1,1,0.5,1,0.5,0.5,1
2139762,0.5,0.5,1,1,1,0.5,1,0.5,1,1
2119135,1,0.5,1,1,1,1,0.5,0.5,1,0.5
2135939,1,0,1,1,0.5,0.5,0.5,0.5,0.5,1
780253,1,1,0.5,1,1,1,0.5,0.5,1,0.5
2126168,0,0.5,0.5,1,1,1,1,1,1,0.5
1194439,1,0,1,1,0.5,1,0.5,0.5,0.5,1
325376,1,0.5,1,1,0.5,1,0.5,1,0.5,1
1460170,1,0.5,0.5,1,1,1,1,0,1,0.5
1010964,0.5,0.5,1,1,1,0.5,1,1,0.5,0.5
840207,1,1,0.5,1,1,0.5,0.5,1,0.5,1
632448,0.5,1,1,0,1,0.5,0.5,1,1,1
2640210,1,0.5,0,1,0.5,0.5,0.5,1,0.5,1
1337699,1,0.5,1,1,1,1,0.5,0.5,1,0.5
2132254,0.5,0.5,1,0.5,0.5,1,1,1,1,1
609895,0,1,1,0.5,0.5,1,1,1,0.5,0.5
2299436,0.5,1,1,0.5,0.5,1,0.5,0.5,0.5,1
263213,1,0.5,1,1,0.5,1,1,0.5,0.5,1
890183,1,0.5,1,0,1,1,0.5,1,0.5,1
314110,1,0.5,0.5,0.5,1,0.5,1,1,0.5,1
606105,0,1,1,1,0,1,0.5,0.5,0.5,0
778937,1,0.5,0.5,0.5,1,0.5,1,1,0.5,1
1954817,1,1,1,1,1,0.5,1,0.5,0.5,0.5
1483098,1,1,0.5,1,1,1,0.5,0.5,0.5,1
449597,1,0,0.5,1,1,1,0.5,0.5,0.5,1
622742,0,1,1,0,1,0.5,1,0.5,0.5,0.5
1862805,1,1,0.5,1,1,1,1,0.5,0,0.5
1993568,0.5,1,1,1,0.5,0.5,0.5,1,1,1
513933,1,0.5,1,1,0.5,1,0.5,0.5,0.5,1
1611173,1,0.5,0.5,1,1,0.5,0.5,1,0,1
2338320,0.5,1,1,1,0.5,1,0.5,0.5,1,0.5
1812382,1,1,0.5,0.5,1,0.5,0.5,1,0.5,1
1498236,0.5,1,0.5,0.5,1,1,0.5,0.5,1,1
701678,1,0.5,0.5,1,0.5,0.5,0.5,0,1,1
2066475,1,0.5,0.5,0.5,1,1,0.5,1,0,0.5
2585154,0.5,1,0.5,1,1,1,0.5,0.5,1,1
528423,1,0.5,1,1,0.5,0.5,1,1,0.5,1
361407,0,1,1,0.5,1,1,1,0.5,0.5,1
1690697,1,1,0.5,0.5,1,0.5,1,0.5,0.5,0.5
609908,0,1,1,0.5,1,0.5,0.5,0,1,0
1475790,1,0,1,1,0.5,1,0.5,1,1,0.5
1003143,1,0.5,0.5,0.5,1,1,0.5,0.5,1,0.5