id,4472,2252,4227
2404142,1,0,0
1697790,1,0,0
2491620,1,0,0
1832073,1,0,0
2535052,1,0,0
282654,1,0,0
2472640,1,0,0
1054564,1,0,0
165060,1,0,0
151004,1,0,0
1615850,1,0,0
2035299,1,0,0
684876,1,0,0
282887,1,0,0
189814,1,0,0
1813076,1,0,0
50465,1,0,0
281729,1,0,0
1163123,1,0,0
1696308,1,0,0
2538550,1,0,0
2056022,1,0,0
982709,1,0,0
2598028,1,0,0
753107,1,0,0
317429,1,0,0
2600558,1,0,0
779144,1,0,0
1719610,1,0,0
57347,1,0,0
1771252,1,0,0
2417320,1,0,0
1932594,1,0,0
2396118,1,0,0
951446,1,0,0
299218,1,0,0
2112383,1,0,0
974375,1,0,0
1117062,1,0,0
2235414,1,0,0
303002,1,0,0
869426,1,0,0
653059,1,0,0
1326146,1,0,0
1169732,1,0,0
969461,1,0,0
196349,1,0,0
789014,1,0,0
1714116,1,0,0
431326,1,0,0
2087093,1,0,0
998506,1,0,0
972616,1,0,0
471177,1,0,0
1867238,1,0,0
2171679,1,0,0
505317,1,0,0
1928445,1,0,0
1447641,1,0,0
224795,1,0,0
1006156,1,0,0
1119020,1,0,0
1878798,1,0,0
2610157,1,0,0
524672,1,0,0
1780005,1,0,0
896630,1,0,0
2616210,1,0,0
1166090,1,0,0
2270041,1,0,0
2211440,1,0,0
22718,1,0,0
1553532,1,0,0
815418,1,0,0
2403480,1,0,0
1685548,1,0,0
66109,1,0,0
2604897,1,0,0
68979,1,0,0
505375,1,0,0
845597,1,0,0
121369,1,0,0
1257537,1,0,0
2439493,1,0,0
1556831,1,0,0
592277,1,0,0
2110107,1,0,0.5
2305067,1,0,0.5
1624047,1,0,0.5
1710658,1,0,0.5
1123175,1,0,0.5
944944,1,0,0.5
934606,1,0,0.5
642036,1,0,0.5
214254,1,0,0.5
521153,1,0,0.5
1257450,1,0,0.5
1743756,1,0,0.5
2142230,1,0,0.5
1424768,1,0,0.5
387262,1,0,0.5
2185058,1,0,0.5
232877,1,0,0.5
272840,1,0,0.5
1193872,1,0,0.5
1906611,1,0,0.5
1538119,1,0,0.5
936290,1,0,0.5
1613540,1,0,0.5
977932,1,0,0.5
896339,1,0,0.5
362038,1,0,0.5
752696,1,0,0.5
1771516,1,0,0.5
602642,1,0,0.5
764785,1,0,0.5
170248,1,0,0.5
1800459,1,0,0.5
828349,1,0,0.5
1193468,1,0,0.5
816504,1,0,0.5
516192,1,0,0.5
1458854,1,0,0.5
1462488,1,0,0.5
2380810,1,0,0.5
2394802,1,0,0.5
1276711,1,0,0.5
1357072,1,0,0.5
2203834,1,0,0.5
1076511,1,0,0.5
1274035,1,0,0.5
2393632,1,0,0.5
2139777,1,0,0.5
1508625,1,0,0.5
2077664,1,0,0.5
2607183,1,0,0.5
1125570,1,0,0.5
1309043,1,0,0.5
981753,1,0,0.5
299805,1,0,0.5
1187749,1,0,0.5
701443,1,0,0.5
1844813,1,0,0.5
288420,1,0,0.5
2498427,1,0,0.5
162348,1,0,0.5
1490538,1,0,0.5
2071383,1,0,0.5
30878,1,0,0.5
2264352,1,0,0.5
1426220,1,0,0.5
2485865,1,0,0.5
418339,1,0,0.5
1661583,1,0,0.5
551489,1,0,0.5
1170335,1,0,0.5
1485848,1,0,0.5
856563,1,0,0.5
378481,1,0,0.5
699988,1,0,0.5
1026933,1,0,0.5
2008700,1,0,0.5
2105294,1,0,0.5
801128,1,0,0.5
2406094,1,0,0.5
634569,1,0,0.5
2439534,1,0,0.5
1862352,1,0,0.5
446469,1,0,0.5
1692302,1,0,0.5
995925,1,0,0.5
1983441,1,0,0.5
2518972,1,0,0.5
2644964,1,0,0.5
256465,1,0,0.5
2509048,1,0,0.5
821315,1,0,0.5
214955,1,0,0.5
638020,1,0,0.5
408765,1,0,0.5
1646383,1,0,0.5
107435,1,0,0.5
20392,1,0,0.5
172217,1,0,0.5
2227804,1,0,0.5
1037924,1,0,0.5
1418126,1,0,0.5
2068497,1,0,0.5
1257336,1,0,0.5
404437,1,0,0.5
324475,1,0,0.5
1146375,1,0,0.5
2143870,1,0,0.5
1431808,1,0,0.5
1904865,1,0,0.5
2269100,1,0,0.5
768176,1,0,0.5
1672832,1,0,0.5
2066039,1,0,0.5
1226957,1,0,0.5
1287490,1,0,0.5
1448522,1,0,0.5
2422606,1,0,0.5
87360,1,0,0.5
1880766,1,0,0.5
1935981,1,0,0.5
1871161,1,0,0.5
2015182,1,0,0.5
1455336,1,0,0.5
972651,1,0,0.5
201303,1,0,0.5
506155,1,0,0.5
206243,1,0,0.5
25825,1,0,0.5
655837,1,0,0.5
1523919,1,0,0.5
308257,1,0,0.5
1726499,1,0,0.5
464774,1,0,0.5
2038357,1,0,0.5
1109861,1,0,0.5
1134379,1,0,0.5
785931,1,0,0.5
86365,1,0,0.5
1792238,1,0,0.5
2256731,1,0,0.5
2553247,1,0,0.5
2225743,1,0,0.5
290466,1,0,0.5
1704130,1,0,0.5
2084049,1,0,0.5
1996154,1,0,0.5
23354,1,0,0.5
33430,1,0,0.5
1624667,1,0,0.5
1317871,1,0,0.5
2316337,1,0,0.5
297682,1,0,0.5
1716677,1,0,0.5
385268,1,0,0.5
291443,1,0,0.5
1283137,1,0,0.5
1620184,1,0,0.5
1792064,1,0,0.5
1961753,1,0,0.5
2129787,1,0,0.5
258675,1,0,0.5
1919985,1,0,0.5
1987360,1,0,0.5
1944012,1,0,0.5
262862,1,0,0.5
954973,1,0,0.5
973313,1,0,0.5
2485818,1,0,0.5
256562,1,0,0.5
524295,1,0,0.5
1903324,1,0,0.5
1516834,1,0,0.5
1566425,1,0,0.5
1270408,1,0,0.5
2119135,1,0,0.5
840207,1,0,0.5
632448,1,0,0.5
609895,1,0,0.5
2585154,1,0,0.5
1275275,1,0,0.5
1523671,1,0,0.5
1522119,1,0,0.5
1679359,1,0,0.5
1148103,1,0,0.5
1819434,1,0,0.5
1835026,1,0,0.5
537270,1,0,0.5
1247452,1,0,0.5
867925,1,0,0.5
212794,1,0,0.5
110260,1,0,0.5
1866789,1,0,0.5
2337776,1,0,0.5
558924,1,0,0.5
868881,1,0,0.5
2572690,1,0,0.5
2112141,1,0,0.5
2546703,1,0,0.5
1728094,1,0,0.5
1072055,1,0,0.5
1796532,1,0,0.5
1592086,1,0,0.5
1200504,1,0,0.5
2447769,1,0,0.5
142492,1,0,0.5
823520,1,0,0.5
2450942,1,0,0.5
340479,1,0,0.5
1120721,1,0,0.5
1134129,1,0,0.5
2081709,1,0,0.5
2613456,1,0,0.5
122431,1,0,0.5
846426,1,0,0.5
499257,1,0,0.5
964327,1,0,0.5
128311,1,0,0.5
2288460,1,0,0.5
705906,1,0,0.5
1123549,1,0,0.5
2573624,1,0,0.5
1500614,1,0,0.5
288343,1,0,0.5
1888846,1,0,0.5
485973,1,0,0.5
2581018,1,0,0.5
322874,1,0,0.5
1630992,1,0,0.5
1183642,1,0,0.5
2536012,1,0,0.5
139006,1,0,0.5
965381,1,0,0.5
814304,1,0,0.5
1572525,1,0,0.5
2630854,1,0,0.5
720436,1,0,0.5
444801,1,0,0.5
2179335,1,0,0.5
277223,1,0,0.5
850678,1,0,0.5
920065,1,0,0.5
964916,1,0,0.5
2346006,1,0,0.5
432405,1,0,0.5
236815,1,0,0.5
2575940,1,0,0.5
1694750,1,0,0.5
1504759,1,0,0.5
219410,1,0,0.5
1155747,1,0,0.5
462171,1,0,0.5
817916,1,0,0.5
229507,1,0,0.5
251043,1,0,0.5
1044034,1,0,0.5
27434,1,0,0.5
1997020,1,0,0.5
1701487,1,0,0.5
1151483,1,0,0.5
883684,1,0,0.5
2636781,1,0,0.5
200645,1,0,0.5
1327480,1,0,0.5
431074,1,0,0.5
1104959,1,0,0.5
782551,1,0,0.5
2180836,1,0,0.5
867068,1,0,0.5
1675183,1,0,0.5
2285967,1,0,0.5
2186505,1,0,0.5
2245932,1,0,0.5
1302590,1,0,0.5
423302,1,0,0.5
462231,1,0,0.5
114551,1,0,0.5
1992636,1,0,0.5
183227,1,0,0.5
415540,1,0,0.5
2158747,1,0,0.5
1135847,1,0,0.5
2387734,1,0,0.5
1525786,1,0,0.5
2299681,1,0,0.5
511942,1,0,0.5
2258984,1,0,0.5
2550095,1,0,0.5
332466,1,0,0.5
1344394,1,0,0.5
386156,1,0,0.5
523779,1,0,0.5
926900,1,0,0.5
960023,1,0,0.5
2044991,1,0,0.5
2327386,1,0,0.5
576723,1,0,0.5
1410753,1,0,0.5
2064713,1,0,0.5
2635599,1,0,0.5
54864,1,0,0.5
1068988,1,0,0.5
2133714,1,0,0.5
1940764,1,0,0.5
2151468,1,0,0.5
914508,1,0,0.5
499837,1,0,0.5
910295,1,0,0.5
454329,1,0,0.5
2539534,1,0,0.5
1332983,1,0,0.5
720503,1,0.5,0
1981464,1,0.5,0
147386,1,0.5,0
2205259,1,0.5,0
1456579,1,0.5,0
265257,1,0.5,0
1752638,1,0.5,0
1599850,1,0.5,0
753231,1,0.5,0
753663,1,0.5,0
2017088,1,0.5,0
1814098,1,0.5,0
2342120,1,0.5,0
2242468,1,0.5,0
1723621,1,0.5,0
948572,1,0.5,0
714635,1,0.5,0
330526,1,0.5,0
1114801,1,0.5,0
1565175,1,0.5,0
1050232,1,0.5,0
2333763,1,0.5,0
1869907,1,0.5,0
1758002,1,0.5,0
2358256,1,0.5,0
1753201,1,0.5,0
665996,1,0.5,0
642551,1,0.5,0
133060,1,0.5,0
1703742,1,0.5,0
1538355,1,0.5,0
556776,1,0.5,0
437586,1,0.5,0
689488,1,0.5,0
1042614,1,0.5,0
1982465,1,0.5,0
1643961,1,0.5,0
2330786,1,0.5,0
1220170,1,0.5,0
1348456,1,0.5,0
819867,1,0.5,0
1200461,1,0.5,0
1778011,1,0.5,0
2120912,1,0.5,0
687379,1,0.5,0
866531,1,0.5,0
1713267,1,0.5,0
2457095,1,0.5,0
2553056,1,0.5,0
168190,1,0.5,0
734355,1,0.5,0
1350489,1,0.5,0
2494071,1,0.5,0
356615,1,0.5,0
2018759,1,0.5,0
1648423,1,0.5,0
896927,1,0.5,0
2499884,1,0.5,0
291914,1,0.5,0
680132,1,0.5,0
2286785,1,0.5,0
1018465,1,0.5,0
290874,1,0.5,0
2631605,1,0.5,0
1385044,1,0.5,0
1322233,1,0.5,0
2210272,1,0.5,0
879912,1,0.5,0
412211,1,0.5,0
1111556,1,0.5,0
1181056,1,0.5,0
1428788,1,0.5,0
793754,1,0.5,0
982098,1,0.5,0
1450484,1,0.5,0
530118,1,0.5,0
2375962,1,0.5,0
1818524,1,0.5,0
217747,1,0.5,0
761379,1,0.5,0
704058,1,0.5,0
1887749,1,0.5,0
884078,1,0.5,0
1645904,1,0.5,0
2069473,1,0.5,0
921783,1,0.5,0
156401,1,0.5,0
460980,1,0.5,0
1413747,1,0.5,0
1085469,1,0.5,0
1577696,1,0.5,0
1421498,1,0.5,0
2038939,1,0.5,0
2406150,1,0.5,0
2426395,1,0.5,0
2368618,1,0.5,0
2176465,1,0.5,0
1618291,1,0.5,0
1796588,1,0.5,0
1806446,1,0.5,0
538178,1,0.5,0
2239213,1,0.5,0
103619,1,0.5,0
807988,1,0.5,0
2238629,1,0.5,0
1203347,1,0.5,0
678157,1,0.5,0
1819620,1,0.5,0
1931966,1,0.5,0
1573566,1,0.5,0
2101921,1,0.5,0
2621862,1,0.5,0
2487298,1,0.5,0
389985,1,0.5,0
1806750,1,0.5,0
2452906,1,0.5,0
1443495,1,0.5,0
1419370,1,0.5,0
450111,1,0.5,0
2215021,1,0.5,0
1409728,1,0.5,0
1306304,1,0.5,0
1778955,1,0.5,0
831494,1,0.5,0
168729,1,0.5,0
272845,1,0.5,0
1148740,1,0.5,0
2354601,1,0.5,0
2434527,1,0.5,0
2040859,1,0.5,0
2577867,1,0.5,0
1860956,1,0.5,0
608234,1,0.5,0.5
743633,1,0.5,0.5
1870555,1,0.5,0.5
2540684,1,0.5,0.5
2328701,1,0.5,0.5
1120091,1,0.5,0.5
2165353,1,0.5,0.5
2338809,1,0.5,0.5
992021,1,0.5,0.5
1082263,1,0.5,0.5
1436668,1,0.5,0.5
2595747,1,0.5,0.5
2276333,1,0.5,0.5
248904,1,0.5,0.5
327860,1,0.5,0.5
719725,1,0.5,0.5
1423249,1,0.5,0.5
2557491,1,0.5,0.5
181207,1,0.5,0.5
951798,1,0.5,0.5
826444,1,0.5,0.5
1373956,1,0.5,0.5
136058,1,0.5,0.5
494440,1,0.5,0.5
670488,1,0.5,0.5
1606739,1,0.5,0.5
1978543,1,0.5,0.5
838130,1,0.5,0.5
1065598,1,0.5,0.5
212479,1,0.5,0.5
1215709,1,0.5,0.5
2405421,1,0.5,0.5
2047178,1,0.5,0.5
1115285,1,0.5,0.5
430738,1,0.5,0.5
2425137,1,0.5,0.5
1398256,1,0.5,0.5
1785209,1,0.5,0.5
95194,1,0.5,0.5
1409687,1,0.5,0.5
1366497,1,0.5,0.5
1552084,1,0.5,0.5
1223664,1,0.5,0.5
1430398,1,0.5,0.5
1439882,1,0.5,0.5
440852,1,0.5,0.5
2177221,1,0.5,0.5
1765734,1,0.5,0.5
748141,1,0.5,0.5
1878120,1,0.5,0.5
1372729,1,0.5,0.5
868990,1,0.5,0.5
2523435,1,0.5,0.5
1748612,1,0.5,0.5
1943596,1,0.5,0.5
2285176,1,0.5,0.5
754884,1,0.5,0.5
965050,1,0.5,0.5
895443,1,0.5,0.5
1769330,1,0.5,0.5
2320222,1,0.5,0.5
1170093,1,0.5,0.5
2388205,1,0.5,0.5
1130133,1,0.5,0.5
524619,1,0.5,0.5
1351421,1,0.5,0.5
1842201,1,0.5,0.5
1341505,1,0.5,0.5
1020195,1,0.5,0.5
1279821,1,0.5,0.5
1276913,1,0.5,0.5
2220742,1,0.5,0.5
1298147,1,0.5,0.5
186445,1,0.5,0.5
1320402,1,0.5,0.5
762998,1,0.5,0.5
201633,1,0.5,0.5
53694,1,0.5,0.5
936928,1,0.5,0.5
542006,1,0.5,0.5
2119555,1,0.5,0.5
2256708,1,0.5,0.5
316931,1,0.5,0.5
1801709,1,0.5,0.5
1819758,1,0.5,0.5
237672,1,0.5,0.5
2560469,1,0.5,0.5
2380329,1,0.5,0.5
1070547,1,0.5,0.5
480115,1,0.5,0.5
1126218,1,0.5,0.5
1579413,1,0.5,0.5
1974577,1,0.5,0.5
948558,1,0.5,0.5
686362,1,0.5,0.5
751091,1,0.5,0.5
2011405,1,0.5,0.5
214191,1,0.5,0.5
608114,1,0.5,0.5
1258191,1,0.5,0.5
983069,1,0.5,0.5
2019266,1,0.5,0.5
1503647,1,0.5,0.5
2481068,1,0.5,0.5
1371451,1,0.5,0.5
2444202,1,0.5,0.5
682093,1,0.5,0.5
1564649,1,0.5,0.5
1554241,1,0.5,0.5
1727232,1,0.5,0.5
1821474,1,0.5,0.5
2046649,1,0.5,0.5
2503749,1,0.5,0.5
2512391,1,0.5,0.5
1836980,1,0.5,0.5
2576196,1,0.5,0.5
2461508,1,0.5,0.5
579352,1,0.5,0.5
2445266,1,0.5,0.5
1397022,1,0.5,0.5
1387766,1,0.5,0.5
1278961,1,0.5,0.5
116252,1,0.5,0.5
2214880,1,0.5,0.5
1449229,1,0.5,0.5
2191370,1,0.5,0.5
845653,1,0.5,0.5
1925969,1,0.5,0.5
502758,1,0.5,0.5
1860673,1,0.5,0.5
106873,1,0.5,0.5
1521233,1,0.5,0.5
1738046,1,0.5,0.5
2608542,1,0.5,0.5
511428,1,0.5,0.5
1558286,1,0.5,0.5
585121,1,0.5,0.5
1527527,1,0.5,0.5
582092,1,0.5,0.5
524142,0,1,0
844049,0,1,0
2494753,0,1,0
570428,0,1,0
981199,0,1,0
1783225,0,1,0
1687095,0,1,0
1691090,0,1,0
1997103,0,1,0
2168178,0,1,0
391012,0,1,0
308487,0,1,0
428688,0,1,0
1243196,0,1,0
2529630,0,1,0
252119,0,1,0
847313,0,1,0
1127117,0,1,0
2320697,0,1,0
406841,0,1,0
2446246,0,1,0
1173267,0,1,0
1902609,0,1,0
2216056,0,1,0
2179550,0,1,0
2427965,0,1,0
1309932,0,1,0
609908,0,1,0
2495347,0,1,0
2167190,0,1,0
1532336,0,1,0
2353376,0,1,0
1084484,0,1,0
1658098,0,1,0
100943,0,1,0
2290508,0,1,0
2289283,0,1,0
2122850,0,1,0
2416290,0,1,0
474700,0,1,0
2415495,0,1,0
596474,0,1,0
1214543,0,1,0
1184378,0,1,0
2178729,0,1,0
1848593,0,1,0
1210935,0,1,0
818752,0,1,0
350266,0,1,0
642060,0,1,0
1121725,0,1,0
1934860,0,1,0
573077,0,1,0
2401493,0,1,0
1642330,0,1,0
61928,0,1,0
2419406,0,1,0
1114362,0,1,0
1310542,0,1,0
888326,0,1,0
2204444,0,1,0
2552767,0,1,0
1550359,0,1,0
1933656,0,1,0
1529449,0,1,0
2091892,0,1,0
1335582,0,1,0
805379,0,1,0
549094,0,1,0
770268,0,1,0
2279609,0,1,0
1805932,0,1,0
675111,0,1,0
1745527,0,1,0
641719,0,1,0
1213178,0,1,0
2017438,0,1,0
1333,0,1,0
2244916,0,1,0
83926,0,1,0
2491575,0,1,0
2378317,0,1,0
440555,0,1,0
2268573,0,1,0
453043,0,1,0
1255812,0,1,0
1730558,0,1,0
2203244,0,1,0
1132940,0,1,0
2455878,0,1,0
1369550,0,1,0
50123,0,1,0
311070,0,1,0
2582052,0,1,0
2037693,0,1,0
1066481,0,1,0.5
758850,0,1,0.5
853918,0,1,0.5
2627366,0,1,0.5
1116080,0,1,0.5
1674777,0,1,0.5
2073629,0,1,0.5
682560,0,1,0.5
2053250,0,1,0.5
412604,0,1,0.5
841955,0,1,0.5
2169283,0,1,0.5
2604473,0,1,0.5
78404,0,1,0.5
904391,0,1,0.5
2468881,0,1,0.5
840737,0,1,0.5
1310250,0,1,0.5
2513690,0,1,0.5
2609677,0,1,0.5
481049,0,1,0.5
1233953,0,1,0.5
1905513,0,1,0.5
2297199,0,1,0.5
260616,0,1,0.5
1337026,0,1,0.5
2138987,0,1,0.5
2269039,0,1,0.5
2396089,0,1,0.5
282953,0,1,0.5
1258770,0,1,0.5
2319282,0,1,0.5
2345122,0,1,0.5
570681,0,1,0.5
2364018,0,1,0.5
1937187,0,1,0.5
388609,0,1,0.5
2264796,0,1,0.5
2147545,0,1,0.5
1715879,0,1,0.5
50259,0,1,0.5
630153,0,1,0.5
1494683,0,1,0.5
828444,0,1,0.5
300435,0,1,0.5
2186938,0,1,0.5
1495252,0,1,0.5
647216,0,1,0.5
699783,0,1,0.5
1441540,0,1,0.5
2035310,0,1,0.5
2573015,0,1,0.5
2253953,0,1,0.5
1997656,0,1,0.5
2057826,0,1,0.5
706832,0,1,0.5
2409465,0,1,0.5
1209880,0,1,0.5
778243,0,1,0.5
1599855,0,1,0.5
795665,0,1,0.5
1560283,0,1,0.5
2490507,0,1,0.5
46140,0,1,0.5
669274,0,1,0.5
150663,0,1,0.5
388472,0,1,0.5
2086515,0,1,0.5
1260854,0,1,0.5
752094,0,1,0.5
1178938,0,1,0.5
1336786,0,1,0.5
210185,0,1,0.5
2314956,0,1,0.5
297100,0,1,0.5
1630669,0,1,0.5
310101,0,1,0.5
2458825,0,1,0.5
1109293,0,1,0.5
1953066,0,1,0.5
2051329,0,1,0.5
2629184,0,1,0.5
2571860,0,1,0.5
334185,0,1,0.5
2621962,0,1,0.5
915898,0,1,0.5
519520,0,1,0.5
2133771,0,1,0.5
815953,0,1,0.5
1179235,0,1,0.5
2598035,0,1,0.5
249471,0,1,0.5
2223273,0,1,0.5
255879,0,1,0.5
199769,0,1,0.5
2474887,0,1,0.5
287695,0,1,0.5
973870,0,1,0.5
1087551,0,1,0.5
2130859,0,1,0.5
1360042,0,1,0.5
182445,0,1,0.5
2585641,0,1,0.5
517441,0,1,0.5
1634710,0,1,0.5
2577726,0,1,0.5
1126751,0,1,0.5
1955706,0,1,0.5
1268483,0,1,0.5
1160024,0,1,0.5
429045,0,1,0.5
1026162,0,1,0.5
2626675,0,1,0.5
1764923,0,1,0.5
1843168,0,1,0.5
2219709,0,1,0.5
2464928,0,1,0.5
1006269,0,1,0.5
1416445,0,1,0.5
933206,0,1,0.5
1686134,0,1,0.5
2006914,0,1,0.5
341814,0,1,0.5
1497891,0,1,0.5
1046839,0,1,0.5
2572962,0,1,0.5
1862911,0,1,0.5
901684,0,1,0.5
658645,0,1,0.5
2626033,0,1,0.5
2638015,0,1,0.5
1481171,0,1,0.5
2240369,0,1,0.5
2622904,0,1,0.5
2534367,0,1,0.5
1387099,0,1,0.5
2614527,0,1,0.5
1282507,0,1,0.5
931232,0,1,0.5
2496874,0,1,0.5
1271040,0,1,0.5
2465313,0,1,0.5
145941,0,1,0.5
42416,0,1,0.5
1854220,0,1,0.5
664683,0,1,0.5
97578,0,1,0.5
2170295,0,1,0.5
2422525,0,1,0.5
458656,0,1,0.5
2349759,0,1,0.5
2256454,0,1,0.5
1755138,0,1,0.5
1037713,0,1,0.5
568832,0,1,0.5
613651,0,1,0.5
1104107,0,1,0.5
958956,0,1,0.5
1907373,0,1,0.5
683604,0,1,0.5
1756533,0,1,0.5
2207951,0,1,0.5
487031,0,1,0.5
958604,0,1,0.5
1811452,0,1,0.5
1872926,0,1,0.5
2633985,0,1,0.5
50282,0,1,0.5
1634668,0,1,0.5
2345098,0,1,0.5
1403658,0,1,0.5
1297706,0,1,0.5
26210,0,1,0.5
1203892,0,1,0.5
2135939,0,1,0.5
2349571,0,1,0.5
263213,0,1,0.5
1812382,0,1,0.5
361407,0,1,0.5
1649964,0,1,0.5
2075696,0,1,0.5
2198443,0,1,0.5
1602924,0,1,0.5
936307,0,1,0.5
1954340,0,1,0.5
1182702,0,1,0.5
1543847,0,1,0.5
2460974,0,1,0.5
711263,0,1,0.5
310187,0,1,0.5
1269656,0,1,0.5
1915206,0,1,0.5
75384,0,1,0.5
1119705,0,1,0.5
234606,0,1,0.5
740199,0,1,0.5
2061245,0,1,0.5
2138857,0,1,0.5
247446,0,1,0.5
123823,0,1,0.5
74427,0,1,0.5
2578830,0,1,0.5
2283695,0,1,0.5
505713,0,1,0.5
786731,0,1,0.5
2242513,0,1,0.5
2030708,0,1,0.5
712405,0,1,0.5
2124138,0,1,0.5
90051,0,1,0.5
960208,0,1,0.5
1581163,0,1,0.5
322878,0,1,0.5
659029,0,1,0.5
1237971,0,1,0.5
1785367,0,1,0.5
429876,0,1,0.5
1437139,0,1,0.5
1712930,0,1,0.5
1403686,0,1,0.5
504051,0,1,0.5
886442,0,1,0.5
1546186,0,1,0.5
2399030,0,1,0.5
2283398,0,1,0.5
935459,0,1,0.5
608501,0,1,0.5
64059,0,1,0.5
2014280,0,1,0.5
1564191,0,1,0.5
1549174,0,1,0.5
838773,0,1,0.5
1399571,0,1,0.5
1083531,0,1,0.5
289162,0,1,0.5
2072840,0,1,0.5
1199011,0,1,0.5
709342,0,1,0.5
2098310,0,1,0.5
2099107,0,1,0.5
336595,0,1,0.5
1919770,0,1,0.5
1829014,0,1,0.5
2363387,0,1,0.5
577103,0,1,0.5
2085110,0,1,0.5
1006406,0,1,0.5
557562,0,1,0.5
2015946,0,1,0.5
2095101,0,1,0.5
942568,0,1,0.5
1273680,0,1,0.5
1392880,0,1,0.5
2240770,0,1,0.5
521562,0,1,0.5
1709384,0,1,0.5
2308472,0,1,0.5
1010200,0,1,0.5
1370255,0,1,0.5
2287836,0,1,0.5
1037182,0,1,0.5
345083,0,1,0.5
777010,0,1,0.5
1223427,0,1,0.5
2167896,0,1,0.5
1921815,0,1,0.5
2573701,0,1,0.5
1312530,0,1,0.5
1038488,0,1,0.5
1556692,0,1,0.5
2004870,0,1,0.5
735278,0,1,0.5
491769,0,1,0.5
341649,0,1,0.5
1007328,0,1,0.5
1243789,0,1,0.5
1948838,0,1,0.5
476743,0,1,0.5
1973114,0,1,0.5
1666213,0,1,0.5
1350497,0,1,0.5
1718002,0,1,0.5
1036908,0,1,0.5
2219361,0,1,0.5
682561,0,1,0.5
2648589,0,1,0.5
544925,0,1,0.5
2152930,0,1,0.5
1540380,0,1,0.5
1093740,0,1,0.5
284823,0,1,0.5
1408280,0,1,0.5
1759205,0,1,0.5
226048,0,1,0.5
170551,0,1,0.5
1062351,0,1,0.5
597873,0,1,0.5
337186,0,1,0.5
633235,0,1,0.5
1452669,0,1,0.5
443447,0,1,0.5
1556093,0,1,0.5
1740297,0,1,0.5
479092,0,1,0.5
388122,0,1,0.5
601778,0,1,0.5
934835,0,1,0.5
2599863,0,1,0.5
943256,0,1,0.5
632028,0,1,0.5
522710,0,1,0.5
1905883,0,1,0.5
249029,0,1,0.5
2207643,0,1,0.5
1086736,0,1,0.5
1258349,0,1,0.5
2132002,0,1,0.5
2440182,0,1,0.5
330221,0,1,0.5
794215,0,1,0.5
1109553,0,1,0.5
1918910,0,1,0.5
2239241,0,1,0.5
905074,0,1,0.5
599529,0,1,0.5
1391510,0,1,0.5
509864,0,1,0.5
2550101,0,1,0.5
2647559,0,1,0.5
2167828,0,1,0.5
769162,0,1,0.5
323450,0,1,0.5
1187676,0,1,0.5
2502736,0,1,0.5
2387904,0,1,0.5
359063,0,1,0.5
1115828,0,1,0.5
1492162,0,1,0.5
1265764,0,1,0.5
1392598,0,1,0.5
216059,0,1,0.5
683427,0,1,0.5
640464,0,1,0.5
2297136,0,1,0.5
1895929,0,1,0.5
1857639,0,1,0.5
1607300,0,1,0.5
335178,0,1,0.5
1130826,0,1,0.5
235562,0,1,0.5
294040,0,1,0.5
308031,0,1,0.5
2398923,0,1,0.5
1939632,0,1,0.5
885257,0,1,0.5
2171824,0,1,0.5
2490540,0,1,0.5
1179769,0,1,0.5
1682851,0,1,0.5
169949,0,1,0.5
1959049,0,1,0.5
1276473,0,1,0.5
1218115,0,1,0.5
1991674,0,1,0.5
2319265,0,1,0.5
2158545,0,1,0.5
734508,0,1,0.5
167227,0,1,0.5
502355,0,1,0.5
1546535,0,1,0.5
1381552,0,1,0.5
1761842,0,1,0.5
144556,0,1,0.5
767590,0,1,0.5
1233627,0,1,0.5
125392,0,1,0.5
235466,0,1,0.5
2287125,0,1,0.5
837071,0,1,0.5
657606,0,1,0.5
107776,0,1,0.5
33758,0,1,0.5
838679,0,1,0.5
1993633,0,1,0.5
22663,0,1,0.5
1116065,0,1,0.5
2494075,0,1,0.5
1638252,0,1,0.5
2337144,0,1,0.5
492058,0,1,0.5
1321145,0,1,0.5
44434,0,1,0.5
1252392,0,1,0.5
1824061,0,1,0.5
2637755,0,1,0.5
749139,0,1,0.5
2009801,0,1,0.5
1912389,0,1,0.5
1703573,0,1,0.5
1209343,0,1,0.5
1664442,0,1,0.5
1867548,0,1,0.5
138649,0,1,0.5
2455503,0,1,0.5
1703680,0,1,0.5
1565851,0,1,0.5
1586276,0,1,0.5
1556715,0,1,0.5
982331,0,1,0.5
363680,0,1,0.5
1804819,0,1,0.5
1677862,0,1,0.5
602861,0,1,0.5
2259174,0,1,0.5
2033032,0,1,0.5
416214,0,1,0.5
912999,0,1,0.5
2352586,0,1,0.5
1242806,0,1,0.5
1292631,0,1,0.5
546578,0,1,0.5
1422981,0,1,0.5
1857889,0,1,0.5
2433729,0,1,0.5
841869,0,1,0.5
383404,0,1,0.5
2568908,0,1,0.5
1258560,0,1,0.5
1324871,0,1,0.5
672919,0,1,0.5
1777163,0,1,0.5
526568,0,1,0.5
1706645,0,1,0.5
230967,0,1,0.5
1697157,0,1,0.5
1136807,0,1,0.5
1861482,0,1,0.5
2406034,0,1,0.5
2561861,0,1,0.5
80683,0,1,0.5
42072,0,1,0.5
1377693,0,1,0.5
2276790,0,1,0.5
627312,0,1,0.5
895914,0,1,0.5
2242958,0,1,0.5
392731,0.5,1,0
1876156,0.5,1,0
1832023,0.5,1,0
1906860,0.5,1,0
1087944,0.5,1,0
861911,0.5,1,0
134182,0.5,1,0
1198828,0.5,1,0
324080,0.5,1,0
2375033,0.5,1,0
988817,0.5,1,0
1826163,0.5,1,0
2314733,0.5,1,0
1644320,0.5,1,0
2633357,0.5,1,0
853965,0.5,1,0
1196022,0.5,1,0
1824028,0.5,1,0
593886,0.5,1,0
835265,0.5,1,0
671896,0.5,1,0
744698,0.5,1,0
2295594,0.5,1,0
2618537,0.5,1,0
239569,0.5,1,0
2046091,0.5,1,0
1898310,0.5,1,0
1576491,0.5,1,0
537389,0.5,1,0
2002123,0.5,1,0
1245222,0.5,1,0
2084213,0.5,1,0
1662735,0.5,1,0
2355630,0.5,1,0
973453,0.5,1,0
922551,0.5,1,0
2162665,0.5,1,0
2290578,0.5,1,0
1187252,0.5,1,0
2585513,0.5,1,0
852275,0.5,1,0
156183,0.5,1,0
2300261,0.5,1,0
1538953,0.5,1,0
1597736,0.5,1,0
1280428,0.5,1,0
1199475,0.5,1,0
1891779,0.5,1,0
2280393,0.5,1,0
2135073,0.5,1,0
558720,0.5,1,0
2510054,0.5,1,0
928463,0.5,1,0
1582412,0.5,1,0
474691,0.5,1,0
2082864,0.5,1,0
954353,0.5,1,0
525597,0.5,1,0
107840,0.5,1,0
1016510,0.5,1,0
2582552,0.5,1,0
940516,0.5,1,0
299370,0.5,1,0
736927,0.5,1,0
157667,0.5,1,0
201341,0.5,1,0
2433978,0.5,1,0
408998,0.5,1,0
1380707,0.5,1,0
2276659,0.5,1,0
268592,0.5,1,0
45656,0.5,1,0
2340706,0.5,1,0
423952,0.5,1,0
431732,0.5,1,0
2186231,0.5,1,0
1830763,0.5,1,0
672801,0.5,1,0
819822,0.5,1,0
899796,0.5,1,0
1803438,0.5,1,0
1064554,0.5,1,0
2407994,0.5,1,0
919160,0.5,1,0
1389968,0.5,1,0
462857,0.5,1,0
2529418,0.5,1,0
4597,0.5,1,0
43177,0.5,1,0
9557,0.5,1,0
2018908,0.5,1,0
370735,0.5,1,0
1657258,0.5,1,0
2585665,0.5,1,0
1203467,0.5,1,0
2383662,0.5,1,0
1945838,0.5,1,0
22709,0.5,1,0
18907,0.5,1,0
1891149,0.5,1,0
1323717,0.5,1,0
288956,0.5,1,0
324510,0.5,1,0
1036336,0.5,1,0
1574825,0.5,1,0
370097,0.5,1,0
2150322,0.5,1,0
1772215,0.5,1,0
1096430,0.5,1,0
1326195,0.5,1,0
2509609,0.5,1,0
599880,0.5,1,0
2080562,0.5,1,0
2406002,0.5,1,0
642089,0.5,1,0
755163,0.5,1,0
2258315,0.5,1,0
132277,0.5,1,0
738379,0.5,1,0
128611,0.5,1,0
2254502,0.5,1,0
1323507,0.5,1,0
155159,0.5,1,0
17462,0.5,1,0
133993,0.5,1,0
2006046,0.5,1,0
2158495,0,0,1
1660348,0,0,1
1371238,0,0,1
1569593,0,0,1
290916,0,0,1
2468830,0,0,1
1972112,0,0,1
1232251,0,0,1
119287,0,0,1
2029743,0,0,1
1300582,0,0,1
1872980,0,0,1
211008,0,0,1
666500,0,0,1
1079964,0,0,1
2171187,0,0,1
1774409,0,0,1
883478,0,0,1
652618,0,0,1
2041697,0,0,1
953604,0,0,1
790348,0,0,1
1744594,0,0,1
1862392,0,0,1
2411531,0,0,1
2521994,0,0,1
2398509,0,0,1
1860587,0,0,1
2534690,0,0,1
1656130,0,0,1
2102700,0,0,1
1460561,0,0,1
1423956,0,0,1
2295922,0,0,1
1259776,0,0,1
905964,0,0,1
2532100,0,0,1
178860,0,0,1
1018210,0,0,1
1010489,0,0,1
1710306,0,0,1
804602,0,0,1
2356911,0,0,1
2247454,0,0,1
2484944,0,0,1
1414878,0,0,1
1823920,0,0,1
2027278,0,0,1
148719,0,0,1
219888,0,0,1
2497520,0,0,1
2207914,0,0,1
508968,0,0,1
1969285,0,0,1
1751371,0,0,1
1129340,0,0,1
2604976,0,0,1
1084694,0,0,1
467910,0,0,1
2562487,0,0,1
960137,0,0,1
2573288,0,0,1
1927703,0,0,1
2209153,0,0,1
122019,0,0,1
561184,0,0,1
553202,0,0,1
2157854,0,0,1
1995910,0,0,1
2103029,0,0,1
1144887,0,0,1
2139353,0,0,1
2487958,0,0,1
1711346,0,0,1
1782465,0,0,1
378857,0,0,1
2045846,0,0,1
1224296,0,0,1
1055424,0,0,1
2368686,0,0,1
1640271,0,0,1
280120,0,0,1
2351276,0,0,1
760481,0,0,1
247794,0,0,1
564647,0,0,1
2497991,0,0,1
916101,0,0,1
853491,0,0,1
501511,0,0,1
2264371,0,0,1
456367,0,0,1
2036971,0,0,1
879131,0,0,1
2233486,0,0,1
1637683,0,0,1
2412566,0,0,1
892513,0,0,1
1739082,0,0,1
2548453,0,0,1
279504,0,0,1
607775,0,0,1
1984978,0,0,1
779760,0,0,1
1976216,0,0,1
2605003,0,0,1
190547,0,0,1
32885,0,0,1
2517588,0,0,1
2082452,0,0,1
1694142,0,0,1
1233312,0,0,1
2137795,0,0,1
1317589,0,0,1
176896,0,0,1
1162805,0,0,1
377937,0,0,1
541796,0,0,1
324326,0,0,1
2531303,0,0,1
2072858,0,0,1
1707271,0,0,1
2239227,0,0,1
1029163,0,0,1
1945809,0,0,1
2174688,0,0,1
2217988,0,0,1
2089577,0,0,1
525071,0,0,1
2001263,0,0,1
748028,0,0,1
491331,0,0,1
1492520,0,0,1
918562,0,0,1
798296,0,0,1
1792741,0,0,1
1563698,0,0,1
340492,0,0,1
45243,0,0,1
2386920,0,0,1
104724,0,0,1
265848,0,0,1
1661271,0,0,1
1186815,0,0,1
296452,0,0,1
1876520,0,0,1
2056909,0,0,1
769887,0,0.5,1
2107198,0,0.5,1
324162,0,0.5,1
1859573,0,0.5,1
920168,0,0.5,1
2409280,0,0.5,1
2412878,0,0.5,1
2045981,0,0.5,1
1813197,0,0.5,1
1221563,0,0.5,1
2117885,0,0.5,1
765938,0,0.5,1
626090,0,0.5,1
2397374,0,0.5,1
1606779,0,0.5,1
431067,0,0.5,1
1302968,0,0.5,1
1351821,0,0.5,1
452299,0,0.5,1
1025888,0,0.5,1
2441830,0,0.5,1
1375880,0,0.5,1
922511,0,0.5,1
70893,0,0.5,1
346189,0,0.5,1
1240794,0,0.5,1
1763979,0,0.5,1
361375,0,0.5,1
1841056,0,0.5,1
2506564,0,0.5,1
1670875,0,0.5,1
1687961,0,0.5,1
2522946,0,0.5,1
2512235,0,0.5,1
446342,0,0.5,1
875719,0,0.5,1
1183823,0,0.5,1
922332,0,0.5,1
439729,0,0.5,1
1922670,0,0.5,1
1787619,0,0.5,1
342330,0,0.5,1
1219833,0,0.5,1
1262628,0,0.5,1
410446,0,0.5,1
1978173,0,0.5,1
782528,0,0.5,1
836050,0,0.5,1
2566515,0,0.5,1
256065,0,0.5,1
1427380,0,0.5,1
479781,0,0.5,1
1542628,0,0.5,1
1153365,0,0.5,1
1071141,0,0.5,1
2432162,0,0.5,1
2218826,0,0.5,1
1341214,0,0.5,1
2136083,0,0.5,1
1466320,0,0.5,1
258046,0,0.5,1
267611,0,0.5,1
2081789,0,0.5,1
1193629,0,0.5,1
1668666,0,0.5,1
417046,0,0.5,1
1628552,0,0.5,1
271988,0,0.5,1
928481,0,0.5,1
2611773,0,0.5,1
1000192,0,0.5,1
2439795,0,0.5,1
2210867,0,0.5,1
1627955,0,0.5,1
464571,0,0.5,1
2537502,0,0.5,1
1156403,0,0.5,1
1640555,0,0.5,1
900992,0,0.5,1
1017144,0,0.5,1
2641824,0,0.5,1
1388664,0,0.5,1
250509,0,0.5,1
2539101,0,0.5,1
1863119,0,0.5,1
379701,0,0.5,1
1812275,0,0.5,1
2361804,0,0.5,1
715533,0,0.5,1
2125852,0,0.5,1
1742759,0,0.5,1
1391647,0,0.5,1
1165873,0,0.5,1
2580792,0,0.5,1
1332388,0,0.5,1
2097277,0,0.5,1
541557,0,0.5,1
1944505,0,0.5,1
752670,0,0.5,1
1777406,0,0.5,1
1979447,0,0.5,1
1701654,0,0.5,1
1505182,0,0.5,1
2130003,0,0.5,1
1784950,0,0.5,1
806045,0,0.5,1
2080674,0,0.5,1
812796,0,0.5,1
853893,0,0.5,1
2181518,0,0.5,1
1610230,0,0.5,1
2494707,0,0.5,1
1992205,0,0.5,1
90362,0,0.5,1
2469970,0,0.5,1
1825371,0,0.5,1
882429,0,0.5,1
915926,0,0.5,1
259348,0,0.5,1
1804362,0,0.5,1
1023101,0,0.5,1
445409,0,0.5,1
2137371,0,0.5,1
1338301,0,0.5,1
329958,0,0.5,1
230112,0,0.5,1
1235769,0,0.5,1
1173289,0,0.5,1
1951144,0,0.5,1
1089070,0,0.5,1
117386,0,0.5,1
113090,0,0.5,1
1562255,0,0.5,1
851848,0,0.5,1
2250323,0,0.5,1
1197493,0,0.5,1
576990,0,0.5,1
2627190,0,0.5,1
1389295,0,0.5,1
2112235,0,0.5,1
719294,0,0.5,1
105221,0,0.5,1
1491101,0,0.5,1
1692897,0,0.5,1
1728944,0,0.5,1
911828,0.5,0,1
885386,0.5,0,1
1923216,0.5,0,1
1640334,0.5,0,1
2548965,0.5,0,1
892694,0.5,0,1
858814,0.5,0,1
695907,0.5,0,1
1312661,0.5,0,1
767816,0.5,0,1
154669,0.5,0,1
84213,0.5,0,1
505109,0.5,0,1
1644680,0.5,0,1
490992,0.5,0,1
1015048,0.5,0,1
2532783,0.5,0,1
2090902,0.5,0,1
859826,0.5,0,1
1067986,0.5,0,1
2457720,0.5,0,1
1476383,0.5,0,1
652324,0.5,0,1
1648316,0.5,0,1
1669116,0.5,0,1
317779,0.5,0,1
2234943,0.5,0,1
881457,0.5,0,1
349331,0.5,0,1
1922797,0.5,0,1
30873,0.5,0,1
459145,0.5,0,1
1144870,0.5,0,1
2013958,0.5,0,1
2644264,0.5,0,1
874505,0.5,0,1
1288554,0.5,0,1
1493361,0.5,0,1
1437440,0.5,0,1
687648,0.5,0,1
1731543,0.5,0,1
1896561,0.5,0,1
131752,0.5,0,1
1004390,0.5,0,1
1881328,0.5,0,1
2568756,0.5,0,1
874293,0.5,0,1
1003143,0.5,0,1
67900,0.5,0,1
1035000,0.5,0,1
2472066,0.5,0,1
847780,0.5,0,1
2215076,0.5,0,1
338723,0.5,0,1
2419975,0.5,0,1
431646,0.5,0,1
2046124,0.5,0,1
202381,0.5,0,1
381518,0.5,0,1
1127410,0.5,0,1
1586221,0.5,0,1
2002671,0.5,0,1
193560,0.5,0,1
1036991,0.5,0,1
332086,0.5,0,1
2051681,0.5,0,1
245371,0.5,0,1
1927048,0.5,0,1
1158822,0.5,0,1
379952,0.5,0,1
1885459,0.5,0,1
2183347,0.5,0,1
1223949,0.5,0,1
517186,0.5,0,1
716649,0.5,0,1
1621025,0.5,0,1
1119113,0.5,0,1
361702,0.5,0,1
1602973,0.5,0,1
1578807,0.5,0,1
2538506,0.5,0,1
1913241,0.5,0,1
1874618,0.5,0,1
540803,0.5,0,1
2175611,0.5,0,1
596250,0.5,0,1
395098,0.5,0,1
1399783,0.5,0,1
2237907,0.5,0,1
451011,0.5,0,1
1808201,0.5,0,1
124237,0.5,0,1
1512017,0.5,0,1
2556131,0.5,0,1
1769993,0.5,0,1
1463219,0.5,0,1
1463939,0.5,0,1
2264244,0.5,0,1
2038701,0.5,0,1
691919,0.5,0,1
1116129,0.5,0,1
2130480,0.5,0,1
1163189,0.5,0,1
445900,0.5,0,1
1114349,0.5,0,1
1795694,0.5,0,1
848872,0.5,0,1
1090911,0.5,0,1
63786,0.5,0,1
271921,0.5,0,1
393226,0.5,0,1
828344,0.5,0,1
458143,0.5,0,1
2603059,0.5,0,1
63971,0.5,0,1
2398969,0.5,0,1
38464,0.5,0,1
2645476,0.5,0,1
1644750,0.5,0,1
1096051,0.5,0,1
105982,0.5,0,1
428465,0.5,0,1
2138831,0.5,0,1
650828,0.5,0,1
783585,0.5,0,1
2570444,0.5,0,1
1485312,0.5,0,1
1691893,0.5,0,1
2385481,0.5,0,1
2127784,0.5,0,1
1474260,0.5,0,1
301466,0.5,0,1
592394,0.5,0,1
2641668,0.5,0,1
2082635,0.5,0,1
2264426,0.5,0,1
2427575,0.5,0,1
1819300,0.5,0,1
1093403,0.5,0,1
43816,0.5,0,1
1400206,0.5,0,1
2152838,0.5,0,1
108360,0.5,0,1
905467,0.5,0,1
2208519,0.5,0,1
2255880,0.5,0,1
874065,0.5,0,1
464504,0.5,0,1
1945863,0.5,0,1
156430,0.5,0,1
1495747,0.5,0,1
2028530,0.5,0,1
1687310,0.5,0,1
74533,0.5,0,1
258894,0.5,0,1
2182671,0.5,0,1
814013,0.5,0,1
3458,0.5,0,1
2504241,0.5,0,1
2205125,0.5,0,1
844391,0.5,0,1
780850,0.5,0,1
2550711,0.5,0,1
2131794,0.5,0,1
1600259,0.5,0,1
1688316,0.5,0,1
869468,0.5,0,1
967062,0.5,0,1
1181111,0.5,0,1
466977,0.5,0,1
2601024,0.5,0,1
2398368,0.5,0,1
66540,0.5,0,1
2308483,0.5,0,1
936760,0.5,0.5,1
1056998,0.5,0.5,1
1802972,0.5,0.5,1
1184071,0.5,0.5,1
55018,0.5,0.5,1
1741303,0.5,0.5,1
2542255,0.5,0.5,1
745651,0.5,0.5,1
149359,0.5,0.5,1
651129,0.5,0.5,1
1108339,0.5,0.5,1
806188,0.5,0.5,1
1421023,0.5,0.5,1
567705,0.5,0.5,1
1110291,0.5,0.5,1
69809,0.5,0.5,1
2481504,0.5,0.5,1
2035438,0.5,0.5,1
124829,0.5,0.5,1
1146626,0.5,0.5,1
2591450,0.5,0.5,1
1094132,0.5,0.5,1
391708,0.5,0.5,1
1374572,0.5,0.5,1
1437304,0.5,0.5,1
424620,0.5,0.5,1
295520,0.5,0.5,1
2032944,0.5,0.5,1
2599761,0.5,0.5,1
1736217,0.5,0.5,1
1093500,0.5,0.5,1
208724,0.5,0.5,1
990533,0.5,0.5,1
2319023,0.5,0.5,1
85550,0.5,0.5,1
1918704,0.5,0.5,1
854849,0.5,0.5,1
1313694,0.5,0.5,1
2100574,0.5,0.5,1
857273,0.5,0.5,1
2514291,0.5,0.5,1
916708,0.5,0.5,1
587812,0.5,0.5,1
668855,0.5,0.5,1
1176322,0.5,0.5,1
1262782,0.5,0.5,1
1545694,0.5,0.5,1
2000004,0.5,0.5,1
657195,0.5,0.5,1
2291170,0.5,0.5,1
2224112,0.5,0.5,1
2615549,0.5,0.5,1
1540611,0.5,0.5,1
2362548,0.5,0.5,1
2194798,0.5,0.5,1
1961619,0.5,0.5,1
2171089,0.5,0.5,1
2521051,0.5,0.5,1
2334283,0.5,0.5,1
560960,0.5,0.5,1
1756244,0.5,0.5,1
990639,0.5,0.5,1
1289074,0.5,0.5,1
2289798,0.5,0.5,1
959079,0.5,0.5,1
1652478,0.5,0.5,1
853087,0.5,0.5,1
1315654,0.5,0.5,1
390062,0.5,0.5,1
960983,0.5,0.5,1
962564,0.5,0.5,1
1952492,0.5,0.5,1
1765047,0.5,0.5,1
894805,0.5,0.5,1
2318166,0.5,0.5,1
345588,0.5,0.5,1
1020214,0.5,0.5,1
1415865,0.5,0.5,1
917160,0.5,0.5,1
2179833,0.5,0.5,1
721369,0.5,0.5,1
2597530,0.5,0.5,1
28338,0.5,0.5,1
494486,0.5,0.5,1
2584252,0.5,0.5,1
1094767,0.5,0.5,1
2260008,0.5,0.5,1
761585,0.5,0.5,1
1391586,0.5,0.5,1
571332,0.5,0.5,1
1935445,0.5,0.5,1
931005,0.5,0.5,1
1145387,0.5,0.5,1
503051,0.5,0.5,1
1810414,0.5,0.5,1
1329904,0.5,0.5,1
948541,0.5,0.5,1
400876,0.5,0.5,1
1271816,0.5,0.5,1
2048191,0.5,0.5,1
914940,0.5,0.5,1
1933788,0.5,0.5,1
2074458,0.5,0.5,1
2217808,0.5,0.5,1
1081292,0.5,0.5,1
1983493,0.5,0.5,1
1831664,0.5,0.5,1
622194,0.5,0.5,1
1285593,0.5,0.5,1
1789450,0.5,0.5,1
940583,0.5,0.5,1
5980,0.5,0.5,1
905156,0.5,0.5,1
1454357,0.5,0.5,1
2567000,0.5,0.5,1
788067,0.5,0.5,1
2380973,0.5,0.5,1
1562968,0.5,0.5,1
2068909,0.5,0.5,1
2080006,0.5,0.5,1
1663888,0.5,0.5,1
1467298,0.5,0.5,1
2542967,0.5,0.5,1
102442,0.5,0.5,1
1932377,0.5,0.5,1
1477732,0.5,0.5,1
2313013,0.5,0.5,1
546017,0.5,0.5,1
2444240,0.5,0.5,1
2512128,0.5,0.5,1
1998128,0.5,0.5,1
237405,0.5,0.5,1
1293788,0.5,0.5,1
2463441,0.5,0.5,1
396132,0.5,0.5,1
1298036,0.5,0.5,1
835847,0.5,0.5,1
133129,0.5,0.5,1
1663295,0.5,0.5,1
2372128,0.5,0.5,1
2254385,0.5,0.5,1
1418521,0.5,0.5,1
1655237,0.5,0.5,1
1815614,0.5,0.5,1
2413875,0.5,0.5,1
1026860,0.5,0.5,1
281396,0.5,0.5,1
2501391,0.5,0.5,1
1823259,0.5,0.5,1
1346081,0.5,0.5,1
2142754,0.5,0.5,1
1146038,0.5,0.5,1
897304,0.5,0.5,1
1825866,0.5,0.5,1
1910693,0.5,0.5,1
2432893,0.5,0.5,1
2612172,0.5,0.5,1
535886,0.5,0.5,1
2588432,0.5,0.5,1
1339740,0.5,0.5,1
253326,0.5,0.5,1
770339,0.5,0.5,1
753596,0.5,0.5,1
2455393,0.5,0.5,1
203576,0.5,0.5,1
1032165,0.5,0.5,1
969304,0.5,0.5,1
1120476,0.5,0.5,1
1412898,0.5,0.5,1
290182,0.5,0.5,1
1409469,0.5,0.5,1
1990523,0.5,0.5,1
1487119,0.5,0.5,1
656460,0.5,0.5,1
2194719,0.5,0.5,1
630175,0.5,0.5,1
809943,0.5,0.5,1
47411,0.5,0.5,1
2339135,0.5,0.5,1
765331,0.5,0.5,1
757456,0.5,0.5,1
1981733,0.5,0.5,1
360264,0.5,0.5,1
1242475,0.5,0.5,1
1921845,0.5,0.5,1
1489566,0.5,0.5,1
1774623,0.5,0.5,1
775794,0.5,0.5,1
1338171,0.5,0.5,1
1797678,0.5,0.5,1
39526,0.5,0.5,1
1750544,0.5,0.5,1
111824,0.5,0.5,1
588280,0.5,0.5,1
1808930,0.5,0.5,1
2260832,0.5,0.5,1
1389812,0.5,0.5,1
2198129,0.5,0.5,1
322178,0.5,0.5,1
393945,0.5,0.5,1